ID,List,Age,Gender,NatLang_AE,KnowOtherLang,GrewUpWithOtherLangInHousehould,LangDis,Vocab,Vocab.MedSplit,ART(Hit-FalseAl),ART.MedSplit,MeanAcc_Total,Condition,Coherence,Ambiguity,Accuracy,TrialDwell,KEY_FF,KEY_GazeDur,KEY_RegrPath,KEY_ProbRegrOut,KEY_SecPass,COHCUE_FF,COHCUE_GazeDur,COHCUE_RegrPath,COHCUE_ProbRegrOut,COHCUE_SecPass,SPILLOVER_FF,SPILLOVER_GazeDur,SPILLOVER_RegrPath,SPILLOVER_ProbRegrOut,SPILLOVER_SecPass
s001,1,18,f,1,0,0,0,70,high,22,high,0.722419929,Coh_UA,Coh,UA,0.833333333,2908.3,212.25,212.25,321.5,0.5,NA,289.3333333,289.3333333,324,0.111111111,NA,339.4444444,548.4444444,685.7777778,0.222222222,523
s002,2,19,f,1,0,0,0,65,low,17,high,0.850533808,Coh_UA,Coh,UA,1,3165.25,235.2,245,270.3,0.1,350.5,219.7272727,238.5454545,278.0909091,0.090909091,212.4,238.3636364,295.3636364,540.8181818,0.181818182,297
s003,3,19,f,1,0,0,0,58,low,20,high,0.854092527,Coh_UA,Coh,UA,1,2385.363636,170.7142857,170.7142857,170.7142857,0,189,162,162,445,0,169,240.3333333,240.3333333,403.1666667,0.333333333,239.5
s004,4,19,f,1,0,0,0,59,low,11,low,0.786476868,Coh_UA,Coh,UA,1,2936.352113,202.4,245.9,245.9,0,234.75,229.3333333,268.5,294.4166667,0.083333333,247.3333333,295.0909091,418.3636364,665.1818182,0.545454545,323
s005,1,22,f,1,0,0,0,56,low,4,low,0.679715302,Coh_UA,Coh,UA,0.833333333,4452.9,211.8888889,211.8888889,259.4444444,0.111111111,366.75,268.8888889,405.4444444,405.4444444,0,166.5,307.5,324.9,378,0.2,244
s006,2,21,f,1,0,0,0,52,low,7,low,0.829181495,Coh_UA,Coh,UA,0.916666667,4437.272727,263.875,263.875,284.875,0.125,285.25,286.1,286.1,448.1,0.1,256,277,377.5454545,1153.181818,0.545454545,304
s007,3,22,f,1,0,0,0,74,high,17,high,0.871886121,Coh_UA,Coh,UA,1,4092.636364,221.2222222,243,306.7777778,0.111111111,323.25,257.1111111,291.1111111,308.3333333,0.111111111,359.5,203.4,336.6,715.5,0.4,288
s008,4,22,f,1,0,0,0,59,low,6,low,0.807829181,Coh_UA,Coh,UA,0.661971831,5300.212766,194.8571429,194.8571429,237.8571429,0.142857143,244.8333333,269,269,732.1428571,0.285714286,191.75,269,391.1428571,2202.714286,0.714285714,388.1666667
s009,1,19,f,1,0,0,0,75,high,23,high,0.893238434,Coh_UA,Coh,UA,0.916666667,2182.272727,155.1428571,155.1428571,155.1428571,0,NA,187.3,204.3,204.3,0,222,448.6363636,467.4545455,509.2727273,0.090909091,NA
s010,2,19,f,1,0,0,0,54,low,8,low,0.765124555,Coh_UA,Coh,UA,0.916666667,3797.363636,185,288.3636364,297.7272727,0.090909091,NA,264.8181818,287.1818182,287.1818182,0,187,260,444.7272727,653,0.454545455,345
s011,3,19,f,1,0,0,0,64,low,11,low,0.87544484,Coh_UA,Coh,UA,1,3828.363636,232.75,288.375,344.375,0.125,187.2,210.3,210.3,292.8,0.3,186.75,214.2,214.2,542.1,0.3,140.8333333
s012,4,18,f,1,0,0,0,62,low,11,low,0.850533808,Coh_UA,Coh,UA,0.830985915,2874.610169,234.6,234.6,234.6,0,235,287.4444444,352.1111111,384,0.222222222,185,311.3333333,403.4444444,485.6666667,0.444444444,NA
s013,1,19,f,1,0,0,0,66,high,16,high,0.59430605,Coh_UA,Coh,UA,0.916666667,3243.818182,228.4444444,268.1111111,268.1111111,0,NA,249,289.3333333,310.7777778,0.111111111,239.8,257.3333333,357.2222222,483.4444444,0.222222222,205.8
s014,2,18,f,1,0,0,0,62,low,5,low,0.765124555,Coh_UA,Coh,UA,0.916666667,2041.727273,181,210.3636364,252.9090909,0.181818182,NA,201.125,242,242,0,364,209.1818182,223.7272727,361.1818182,0.181818182,388
s015,3,20,m,1,0,0,0,66,high,15,high,0.832740214,Coh_UA,Coh,UA,1,1949,223.6666667,223.6666667,301,0.111111111,149,206.7,223.1,247.2,0.1,231,198.125,213.375,608.5,0.75,211.5
s016,4,19,m,1,0,0,0,74,high,15,high,0.914590747,Coh_UA,Coh,UA,1,3577.366197,236.8333333,253.25,384.9166667,0.333333333,169.6666667,273.2,273.2,683.7,0.7,190.3333333,213.1818182,319.9090909,1345.272727,0.727272727,473.5
s017,1,20,m,1,0,0,0,71,high,18,high,0.850533808,Coh_UA,Coh,UA,1,2228.416667,219.1,219.1,219.1,0,199,249,249,249,0,NA,249,264.4166667,264.4166667,0,252
s019,3,27,m,1,0,0,0,71,high,41,high,0.850533808,Coh_UA,Coh,UA,0.909090909,2469.9,217.4,229.8,256.7,0.1,121.5,213.9,213.9,213.9,0,138,253.5,391.7,415,0.2,104
s020,4,18,m,1,0,0,0,69,high,4,low,0.893238434,Coh_UA,Coh,UA,1,5055.169014,265.3636364,289.1818182,327.6363636,0.090909091,269.25,334.8,377.5,769.5,0.2,211.4,319.6363636,485.5454545,1147.818182,0.545454545,404.5714286
s021,1,21,f,1,0,0,0,69,high,20,high,0.765124555,Coh_UA,Coh,UA,0.833333333,1365.5,195.8571429,195.8571429,195.8571429,0,NA,195.5,214.125,224.625,0.125,NA,210.5,210.5,305,0.5,NA
s022,2,18,f,1,0,0,0,45,low,6,low,0.893238434,Coh_UA,Coh,UA,0.916666667,5619.818182,263.6,263.6,377.3,0.2,199.5,193,221.3636364,288,0.181818182,443.3333333,240,424.7272727,977.2727273,0.454545455,408.75
s023,3,19,f,1,0,0,0,71,high,12,low,0.790035587,Coh_UA,Coh,UA,1,2801.272727,251.6666667,251.6666667,281.6666667,0.111111111,304,253,253,253,0,386,259.5555556,259.5555556,855,0.666666667,419.3333333
s024,4,20,m,1,0,1,0,73,high,13,high,0.786476868,Coh_UA,Coh,UA,0.915492958,1562.015385,157.6666667,157.6666667,289.5,0.333333333,185,187.5454545,211.7272727,211.7272727,0,149.5,162.2,183.3,409.9,0.4,121
s025,1,20,f,1,0,0,0,67,high,17,high,0.829181495,Coh_UA,Coh,UA,0.916666667,2732.909091,232.6666667,257.2222222,321.2222222,0.111111111,247.5,213.8181818,246.0909091,273.2727273,0.090909091,147,196.375,244.625,406.625,0.25,100
s026,2,21,f,1,0,1,0,70,high,25,high,0.743772242,Coh_UA,Coh,UA,0.666666667,5042.25,238.375,259.625,479.375,0.375,248.5,363.5,386,411.25,0.125,233,354.75,428.125,1811.625,0.5,305.4
s027,3,19,f,1,1,0,0,76,high,16,high,0.939501779,Coh_UA,Coh,UA,1,4524.636364,284.4545455,305.9090909,472.1818182,0.363636364,257.7142857,234.4,234.4,246.4,0.1,379.8333333,334.3636364,363.5454545,1221,0.363636364,306
s028,4,20,m,1,0,0,0,64,low,23,high,0.829181495,Coh_UA,Coh,UA,1,2643.943662,196.6363636,196.6363636,347.6363636,0.454545455,241.6666667,300.375,300.375,520.25,0.375,174,319.125,342.125,726,0.625,154.6666667
s029,1,18,f,1,0,0,0,64,low,12,low,0.743772242,Coh_UA,Coh,UA,1,3105.5,197.1666667,197.1666667,239.1666667,0.333333333,201,227.3333333,227.3333333,394.5555556,0.222222222,149.5,225.1666667,252.25,575.6666667,0.666666667,255
s030,2,19,f,1,0,0,0,63,low,18,high,0.765124555,Coh_UA,Coh,UA,0.916666667,3506.272727,298.2222222,298.2222222,312.7777778,0.111111111,314.8333333,186.5,356.125,356.125,0,255.5,264.9090909,315.6363636,417,0.181818182,180
s031,3,18,f,1,0,0,0,46,low,7,low,0.786476868,Coh_UA,Coh,UA,0.909090909,3928,276.1,276.1,455.6,0.2,539,248.2857143,344.5714286,405.1428571,0.142857143,247,293.2,471.7,540.8,0.2,298.5
s032,4,19,f,1,0,0,0,65,low,11,low,0.850533808,Coh_UA,Coh,UA,0.915492958,3649.753846,240.5555556,240.5555556,295,0.111111111,185.6666667,256.4545455,300.9090909,438.0909091,0.454545455,176,233.6,351.5,580.3,0.5,171
s033,1,19,f,1,0,0,0,70,high,14,high,0.765124555,Coh_UA,Coh,UA,0.916666667,2899.636364,219.5555556,321.2222222,468.4444444,0.444444444,470,215.3333333,261.8888889,313,0.222222222,275,319.6666667,319.6666667,319.6666667,0,122
s034,2,21,f,1,0,0,0,52,low,4,low,0.786476868,Coh_UA,Coh,UA,1,3831.166667,249.1666667,308.6666667,371.8333333,0.25,175,271.9166667,289.5833333,289.5833333,0,NA,296.75,443.3333333,514.9166667,0.166666667,255.2
s035,3,19,f,1,0,0,0,73,high,16,high,0.832740214,Coh_UA,Coh,UA,0.909090909,2493.5,296.125,296.125,296.125,0,NA,255,255,255,0,NA,262.1428571,447.2857143,460.2857143,0.142857143,353
s036,4,18,m,1,0,0,0,59,low,6,low,0.615658363,Coh_UA,Coh,UA,0.915492958,3438.553846,210.1428571,210.1428571,458,0.285714286,151,225,306.4444444,436,0.555555556,168.5,253.9,364.6,851.2,0.7,431.5
s037,1,20,f,1,0,0,0,78,high,17,high,0.765124555,Coh_UA,Coh,UA,0.833333333,2823.5,245.1,245.1,345.1,0.2,188.3333333,239.8,254.5,320.2,0.1,186,219.75,219.75,293.5,0.125,190
s038,2,19,f,1,0,0,0,63,low,10,low,0.850533808,Coh_UA,Coh,UA,0.833333333,3284.1,274.3,274.3,309.3,0.1,217.75,259.6666667,280.4444444,280.4444444,0,118,247.4,282.5,470.3,0.4,323.5
s039,3,19,f,1,0,0,0,72,high,25,high,0.87544484,Coh_UA,Coh,UA,1,2150.181818,223,223,223,0,176,198.3333333,198.3333333,198.3333333,0,185,290.3,325.5,442.2,0.3,164
s040,4,21,f,1,0,0,0,74,high,17,high,0.850533808,Coh_UA,Coh,UA,0.830985915,3486.355932,175.8333333,221,221,0,358,260.2857143,321.5714286,385,0.285714286,NA,321.3333333,431.5555556,654.3333333,0.444444444,369.5
s041,1,19,f,1,0,0,0,56,low,6,low,0.640569395,Coh_UA,Coh,UA,0.916666667,3630.272727,191.125,191.125,330.5,0.375,160.5,235.3636364,299.1818182,549.1818182,0.272727273,635,201.6666667,285.4444444,654,0.333333333,286
s042,2,20,f,1,0,0,0,72,high,10,low,0.871886121,Coh_UA,Coh,UA,1,2239.083333,224,270.7,351.6,0.2,187,210.6363636,210.6363636,210.6363636,0,NA,220.4545455,276.4545455,276.4545455,0,NA
s043,3,20,f,1,0,0,0,66,high,5,low,0.725978648,Coh_UA,Coh,UA,0.636363636,2444.142857,177.25,177.25,177.25,0,NA,207.1666667,207.1666667,207.1666667,0,NA,316.2857143,453.8571429,556.7142857,0.285714286,NA
s044,4,21,f,1,0,0,0,71,high,20,high,0.786476868,Coh_UA,Coh,UA,0.915492958,2996.446154,216,216,321.875,0.25,218,232.9090909,303.0909091,357.6363636,0.272727273,143,167.5,310.6,495.2,0.4,317.5
s045,1,20,f,1,0,0,0,59,low,13,high,0.786476868,Coh_UA,Coh,UA,1,3759.916667,240,240,413,0.375,242,232.2727273,232.2727273,339.2727273,0.181818182,232.8,285.75,373.8333333,835.9166667,0.5,481.8571429
s047,3,22,f,1,0,1,0,71,high,18,high,0.93594306,Coh_UA,Coh,UA,1,3308.181818,275.125,275.125,275.125,0,260.5,221.1,236.6,236.6,0,NA,301,367,536.5,0.25,NA
s048,4,19,f,1,0,0,0,59,low,7,low,0.829181495,Coh_UA,Coh,UA,0.915492958,3809.276923,205,226.2222222,267.6666667,0.111111111,241,207.0909091,282.6363636,475.2727273,0.363636364,270.3333333,228.9,338.5,809.5,0.4,299.3333333
s049,1,18,f,1,0,0,0,53,low,8,low,0.658362989,Coh_UA,Coh,UA,0.75,5565.888889,234,234,622.625,0.375,245.25,240.3333333,295.7777778,479.4444444,0.222222222,220,301,301,647.6666667,0.555555556,244.2
s050,2,20,f,1,0,0,0,71,high,6,low,0.829181495,Coh_UA,Coh,UA,1,4211,238.1818182,299.0909091,310.3636364,0.090909091,253,280.9,381.8,405.3,0.1,274,308,369.0833333,476.6666667,0.166666667,380
s051,3,22,f,1,1,0,0,64,low,6,low,0.743772242,Coh_UA,Coh,UA,1,3533.545455,265.9090909,265.9090909,282.0909091,0.090909091,247.5,213.5555556,229.1111111,312.3333333,0.333333333,113.6666667,202.3636364,290,412.8181818,0.181818182,213.3333333
s052,4,19,f,1,0,0,0,66,high,15,high,0.786476868,Coh_UA,Coh,UA,0.915492958,2841.353846,245.2857143,268.4285714,332,0.285714286,178.75,275.5714286,275.5714286,393,0.142857143,156,237.3333333,237.3333333,597,0.666666667,187
s053,1,18,f,1,0,0,0,63,low,23,high,0.829181495,Coh_UA,Coh,UA,0.916666667,4018.909091,243.4285714,270.5714286,270.5714286,0,261.5,260.3333333,281.1111111,428,0.111111111,270.5,295,316.7,627.4,0.4,881
s054,2,20,f,1,0,1,0,62,low,15,high,0.765124555,Coh_UA,Coh,UA,1,3555.25,211.5714286,211.5714286,231.8571429,0.142857143,345,210.4,210.4,425.2,0.4,244,185.8,222.1,396.8,0.4,143.3333333
s056,4,22,f,1,0,0,0,68,high,21,high,0.765124555,Coh_UA,Coh,UA,0.830985915,4718.237288,165,190.5,190.5,0,265.5,220.4444444,329.2222222,329.2222222,0,752,250.5555556,1092.666667,1092.666667,0,555
s057,1,23,f,1,0,0,0,54,low,20,high,0.597864769,Coh_UA,Coh,UA,0.916666667,2818.636364,233.8571429,233.8571429,300.8571429,0.285714286,177,222.625,319.75,319.75,0,193,224.6666667,224.6666667,432.4444444,0.222222222,233
s058,2,22,f,1,0,0,0,52,low,7,low,0.722419929,Coh_UA,Coh,UA,0.916666667,2633,200.5,224.125,224.125,0,NA,247.9,312,312,0,400,241.7272727,379.4545455,415.8181818,0.090909091,NA
s059,3,20,f,1,0,0,0,64,low,7,low,0.683274021,Coh_UA,Coh,UA,0.909090909,4832.9,236,261.875,422.75,0.25,226.75,269.8888889,280.6666667,341,0.222222222,158.5,274.5,520.3,671.1,0.2,337.5
s060,4,34,f,1,0,0,0,58,low,8,low,0.829181495,Coh_UA,Coh,UA,1,3066.450704,252.0909091,283,301.7272727,0.090909091,303,244.9166667,308.25,356.9166667,0.083333333,257,271.4545455,339.7272727,426,0.090909091,156.5
s061,1,19,f,1,0,0,0,56,low,13,high,0.786476868,Coh_UA,Coh,UA,1,2062,201.75,201.75,201.75,0,NA,205.5,205.5,225.6666667,0.083333333,NA,285.3333333,356.25,406.0833333,0.25,NA
s062,2,23,f,1,0,0,0,58,low,12,low,0.743772242,Coh_UA,Coh,UA,0.75,3148.333333,232.125,256.875,256.875,0,343,223.875,223.875,223.875,0,146.5,236,289.7777778,649.1111111,0.222222222,310
s063,3,19,m,1,0,0,0,64,low,14,high,0.786476868,Coh_UA,Coh,UA,0.909090909,5603.2,220.2222222,220.2222222,267.1111111,0.111111111,221.6666667,191.8,236.9,257.9,0.1,250.25,251.9,420.7,1126.7,0.3,365.1666667
s064,4,18,f,1,0,0,0,41,low,1,low,0.829181495,Coh_UA,Coh,UA,1,5259.788732,361.1666667,410.4166667,849.25,0.166666667,268.25,255.5,399.9166667,685,0.333333333,415.5,281.9090909,417.2727273,712.8181818,0.181818182,301.3333333
s065,1,22,f,1,0,0,0,52,low,6,low,0.743772242,Coh_UA,Coh,UA,0.833333333,4072.8,257.5555556,282.3333333,282.3333333,0,191.6666667,296.6666667,296.6666667,296.6666667,0,166.75,340.2,423.4,985.1,0.4,414
s066,2,22,f,1,0,0,0,64,low,5,low,0.829181495,Coh_UA,Coh,UA,0.916666667,2524.727273,179.2,197.1,197.1,0,200,205.6363636,250.3636364,303.9090909,0.090909091,139,231.3,335.6,473.6,0.5,NA
s067,3,18,f,1,0,0,0,65,low,18,high,0.8113879,Coh_UA,Coh,UA,1,3159.181818,211.6666667,228.3333333,343.3333333,0.333333333,199.6666667,183.6,183.6,199,0.1,206,254.8181818,338.6363636,404.7272727,0.181818182,182
s068,4,20,f,1,1,0,0,69,high,10,low,0.914590747,Coh_UA,Coh,UA,1,3839.901408,250.7272727,250.7272727,333.0909091,0.181818182,265,282.1818182,349.0909091,349.0909091,0,187.25,300.8333333,334.75,712.5833333,0.416666667,312.3333333
s069,1,21,f,1,1,0,0,69,high,9,low,0.829181495,Coh_UA,Coh,UA,0.916666667,3919.818182,211.6,211.6,245.1,0.1,132,249,264.4,264.4,0,408.3333333,314.7,484.1,667.7,0.2,400.8
s070,2,21,f,1,0,0,0,74,high,20,high,0.722419929,Coh_UA,Coh,UA,0.666666667,2765.875,205,205,205,0,97,225.6666667,225.6666667,225.6666667,0,NA,260.125,260.125,272.25,0,192
s071,3,19,f,1,0,0,0,50,low,11,low,0.87544484,Coh_UA,Coh,UA,0.909090909,4259.1,257.5,257.5,368.8,0.4,239.5,273,296.1111111,377.2222222,0.111111111,NA,303.7,365.6,487.6,0.2,234
s072,4,24,m,1,0,0,0,65,low,19,high,0.768683274,Coh_UA,Coh,UA,0.845070423,3513,277.125,327.125,327.125,0,411.6666667,288.4,317.2,354.3,0.2,232.6666667,273.3,380.2,592.9,0.5,222
s073,1,21,m,1,0,0,0,74,high,14,high,0.850533808,Coh_UA,Coh,UA,0.916666667,4489.181818,225,225,225,0,258.25,267.9,286.2,336.4,0.1,217.5,262.2727273,406.3636364,406.3636364,0,NA
s074,2,24,f,1,0,0,0,65,low,4,low,0.829181495,Coh_UA,Coh,UA,0.916666667,4753.909091,239.5,239.5,307.4,0.2,239.5,275.0909091,358.7272727,358.7272727,0,801,259.8181818,391.7272727,851.3636364,0.272727273,556.25
s075,3,19,m,1,0,0,0,60,low,6,low,0.679715302,Coh_UA,Coh,UA,1,3056,185.2,230.5,470.2,0.2,259.25,190.6,236.2,236.2,0,NA,201.3333333,263.5555556,521.8888889,0.222222222,284.6666667
s076,4,20,m,1,0,0,0,70,high,11,low,0.850533808,Coh_UA,Coh,UA,1,2076.394366,259.7777778,259.7777778,259.7777778,0,NA,230.6666667,230.6666667,271,0.111111111,175,418.3,455.1,562,0.1,224
s077,1,19,f,1,0,0,0,68,high,13,high,0.765124555,Coh_UA,Coh,UA,0.833333333,3254.2,205.6666667,205.6666667,205.6666667,0,657,313.4,341.8,381.8,0.3,208,433.5,512.6,706.9,0.4,216
s078,2,21,f,1,0,0,0,59,low,6,low,0.765124555,Coh_UA,Coh,UA,1,4990.083333,295.8,313.6,391.1,0.2,208,272.3636364,286.8181818,302.4545455,0.090909091,237.5,310.0833333,420.0833333,1218.833333,0.5,455
s079,3,22,m,1,0,0,0,69,high,14,high,0.790035587,Coh_UA,Coh,UA,1,2335.181818,176,192.3,316.9,0.3,225,231.6363636,231.6363636,243.6363636,0.090909091,229,252.6,282,327.8,0.2,132
s080,4,20,f,1,0,0,0,57,low,11,low,0.807829181,Coh_UA,Coh,UA,1,3556.042254,203.5454545,239.6363636,239.6363636,0,338,222.1666667,373.0833333,373.0833333,0,257,387.9166667,492,566.75,0.25,200
s081,1,23,f,1,0,0,0,78,high,41,high,0.829181495,Coh_UA,Coh,UA,0.916666667,3292.454545,193.2222222,193.2222222,193.2222222,0,212.6,223.6363636,223.6363636,291.0909091,0.181818182,204.75,234.8,262.4,816.2,0.5,293.3333333
s082,2,18,m,1,0,0,0,53,low,9,low,0.807829181,Coh_UA,Coh,UA,0.916666667,3526.727273,212.7142857,294.8571429,351.8571429,0.142857143,125,230.75,351.625,432.375,0.375,NA,303.4545455,459.8181818,459.8181818,0,186
s083,3,19,m,1,0,0,0,65,low,8,low,0.854092527,Coh_UA,Coh,UA,0.909090909,3789.7,267.8888889,267.8888889,306.6666667,0.111111111,NA,248.4444444,248.4444444,310,0.222222222,314,205.5,340.7,465.5,0.3,273.3333333
s084,4,19,f,1,0,0,0,66,high,4,low,0.743772242,Coh_UA,Coh,UA,0.661971831,4339.021277,257.1666667,297,458.1666667,0.333333333,259.5,222.5714286,269.1428571,470.1428571,0.285714286,210.3333333,208.5,208.5,1115.25,0.875,246.2
s085,1,20,m,1,0,0,0,68,high,12,low,0.807829181,Coh_UA,Coh,UA,1,3437.166667,184.3333333,184.3333333,184.3333333,0,220.3333333,205.7,205.7,250.8,0.1,200,321.5,357.8333333,1131.25,0.75,313
s086,2,20,f,1,0,0,0,70,high,13,high,0.807829181,Coh_UA,Coh,UA,0.916666667,2308.181818,208,232.1428571,332.4285714,0.142857143,NA,221.875,255.25,255.25,0,NA,263.4,345,397.7,0.2,NA
s087,3,21,f,1,0,0,0,51,low,7,low,0.8113879,Coh_UA,Coh,UA,1,3491.545455,268.9,306.7,350.8,0.1,175,297.6,338.8,396.6,0.2,314,309.3333333,368.5555556,434.1111111,0.222222222,NA
s088,4,21,f,1,0,0,0,67,high,13,high,0.786476868,Coh_UA,Coh,UA,0.915492958,4349.246154,229.4545455,258.0909091,465.9090909,0.090909091,270.75,268.9,317.6,366.6,0.3,388.5,270.9,381.5,590.6,0.2,430.6666667
s089,1,19,m,1,0,0,0,65,low,14,high,0.871886121,Coh_UA,Coh,UA,1,3394.25,223.1818182,295.8181818,305.4545455,0.090909091,157,249.7272727,283.2727273,298.2727273,0.090909091,257.75,181.0909091,204.6363636,375.8181818,0.181818182,208.8
s090,2,19,f,1,0,0,0,61,low,21,high,0.807829181,Coh_UA,Coh,UA,1,3249,248,269.375,269.375,0,279,255.3333333,268,268,0,NA,279,402.8333333,692.9166667,0.416666667,535.6666667
s091,3,22,m,1,0,0,0,69,high,9,low,0.850533808,Coh_UA,Coh,UA,1,2938.818182,255,302.1818182,329.1818182,0.090909091,339,248.7272727,261.4545455,289.7272727,0.090909091,351,252.7,299.3,372.5,0.1,274
s092,4,19,m,1,0,0,0,77,high,31,high,0.893238434,Coh_UA,Coh,UA,1,1841.338028,181.0909091,181.0909091,200.4545455,0.090909091,106,231.625,253,253,0,NA,240.2,323.3,354.4,0.1,NA
s093,1,20,m,1,0,0,0,73,high,19,high,0.829181495,Coh_UA,Coh,UA,1,4019.5,224.3333333,224.3333333,255.7777778,0.111111111,NA,275.7272727,275.7272727,332.1818182,0.090909091,263,366.75,488.9166667,842.5833333,0.333333333,291.3333333
s094,2,20,f,1,0,0,0,60,low,10,low,0.701067616,Coh_UA,Coh,UA,0.833333333,2596.5,208.7777778,208.7777778,228.8888889,0.111111111,NA,213.6666667,229.8888889,229.8888889,0,258.5,311,328.3,456.9,0.3,500.6
s096,4,22,f,1,0,0,0,66,high,3,low,0.701067616,Coh_UA,Coh,UA,1,4457.943662,260.3333333,279.5555556,296.7777778,0.111111111,187,247.3636364,340.0909091,370.3636364,0.090909091,NA,320,502.3636364,664.6363636,0.181818182,314.25
s098,2,18,f,1,0,0,0,67,high,15,high,0.850533808,Coh_UA,Coh,UA,0.833333333,3242,215.125,215.125,215.125,0,136,255.2222222,255.2222222,255.2222222,0,113,349.1,483,512.6,0.2,NA
s099,3,23,f,1,0,0,0,72,high,15,high,0.918149466,Coh_UA,Coh,UA,1,3077,244.4,258.2,258.2,0,290.5,224.1111111,224.1111111,224.1111111,0,84,252.2727273,375.8181818,695.9090909,0.545454545,224
s100,3,22,f,1,0,0,0,63,low,0,low,0.896797153,Coh_UA,Coh,UA,0.909090909,4003.3,209.2,494.3,526.6,0.1,95,189.9,298.8,335.1,0.1,178,208.8,317.6,317.6,0,256
s101,2,20,f,1,0,0,0,70,high,12,low,0.765124555,Coh_UA,Coh,UA,0.916666667,3600.909091,260.7777778,277.8888889,308.5555556,0.111111111,226,275.2,275.2,295.9,0.1,NA,280.7272727,381.0909091,548.3636364,0.272727273,336
s001,1,18,f,1,0,0,0,70,high,22,high,0.722419929,Coh_Amb,Coh,Amb,0.25,3114.333333,216,216,216,0,NA,261,261,351,0.5,NA,447.6666667,539.3333333,539.3333333,0,176
s002,2,19,f,1,0,0,0,65,low,17,high,0.850533808,Coh_Amb,Coh,Amb,0.818181818,3315,201.625,201.625,264.5,0,327,186.125,186.125,186.125,0,280.75,171.125,222.75,254.5,0.125,233.4
s003,3,19,f,1,0,0,0,58,low,20,high,0.854092527,Coh_Amb,Coh,Amb,0.76056338,2634.666667,181.5,181.5,181.5,0,221,202.25,202.25,741.75,0.5,NA,171.8571429,171.8571429,483.2857143,0,NA
s004,4,19,f,1,0,0,0,59,low,11,low,0.786476868,Coh_Amb,Coh,Amb,0.916666667,3283.454545,208.875,208.875,264.5,0.125,213.3333333,288,288,288,0,219.3333333,324.2727273,339.4545455,656.1818182,0.454545455,201
s005,1,22,f,1,0,0,0,56,low,4,low,0.679715302,Coh_Amb,Coh,Amb,0.416666667,4776.8,316.8,450,450,0,154,238,428.25,670.25,0.25,227,223,417.8,605.4,0.2,231
s006,2,21,f,1,0,0,0,52,low,7,low,0.829181495,Coh_Amb,Coh,Amb,0.727272727,4854.625,256.375,256.375,402.75,0.125,238.75,236,236,236,0,260.5,311.25,563.5,1181,0.375,317.6
s007,3,22,f,1,0,0,0,74,high,17,high,0.871886121,Coh_Amb,Coh,Amb,0.746478873,5247.773585,211,242.625,329,0.25,273.3333333,248.7777778,303.8888889,377.2222222,0.222222222,268.4,298.875,397.625,1416.625,0.5,459.1666667
s008,4,22,f,1,0,0,0,59,low,6,low,0.807829181,Coh_Amb,Coh,Amb,0.666666667,4415.5,225,253.4285714,370.8571429,0.285714286,320.3333333,230.4285714,230.4285714,383.1428571,0,218.3333333,302.75,357.75,1648.375,0.75,390
s009,1,19,f,1,0,0,0,75,high,23,high,0.893238434,Coh_Amb,Coh,Amb,0.75,2370.777778,183.25,183.25,183.25,0,139,264,343.5,399.1666667,0.166666667,NA,298.125,535.125,644.25,0.25,NA
s010,2,19,f,1,0,0,0,54,low,8,low,0.765124555,Coh_Amb,Coh,Amb,0.454545455,4208.6,212.6,212.6,274.8,0.2,239.3333333,260.6,287.8,287.8,0,390,330,372.6,833.8,0.4,408.3333333
s011,3,19,f,1,0,0,0,64,low,11,low,0.87544484,Coh_Amb,Coh,Amb,0.591549296,5392.571429,235.8571429,235.8571429,315.2857143,0.428571429,279.6,161.5714286,198.1428571,298.4285714,0.428571429,193,193,193,721.2857143,0.285714286,236
s012,4,18,f,1,0,0,0,62,low,11,low,0.850533808,Coh_Amb,Coh,Amb,0.666666667,3346.125,223.7142857,223.7142857,272.1428571,0.285714286,NA,293.5,379,405.875,0.125,356,282,468.125,468.125,0,270
s013,1,19,f,1,0,0,0,66,high,16,high,0.59430605,Coh_Amb,Coh,Amb,0.333333333,3691.25,331,331,331,0,NA,328,328,630,0.333333333,215,296,408.5,577.25,0.25,301
s014,2,18,f,1,0,0,0,62,low,5,low,0.765124555,Coh_Amb,Coh,Amb,0.727272727,2147.25,199.2,199.2,199.2,0,216,185.375,185.375,259.375,0.25,315,249.8571429,272.2857143,547.5714286,0.571428571,141
s015,3,20,m,1,0,0,0,66,high,15,high,0.832740214,Coh_Amb,Coh,Amb,0.676056338,2096.625,226,226,371.25,0.5,428,258.1428571,258.1428571,281.7142857,0.142857143,NA,273.625,273.625,626.125,0.5,142
s016,4,19,m,1,0,0,0,74,high,15,high,0.914590747,Coh_Amb,Coh,Amb,0.916666667,3475.454545,207.1428571,207.1428571,342.4285714,0.428571429,406,221.6666667,270.7777778,482.8888889,0.555555556,246.75,280.1818182,349.8181818,1353.545455,0.909090909,363.25
s017,1,20,m,1,0,0,0,71,high,18,high,0.850533808,Coh_Amb,Coh,Amb,0.666666667,2527.125,226.5,226.5,226.5,0,230.5,237.1428571,237.1428571,237.1428571,0,181.5,261,261,429.375,0.375,241
s019,3,27,m,1,0,0,0,71,high,41,high,0.850533808,Coh_Amb,Coh,Amb,0.577464789,2490.414634,214.2857143,214.2857143,214.2857143,0,566,198.7142857,281.5714286,281.5714286,0,NA,225.5,264.8333333,264.8333333,0,NA
s020,4,18,m,1,0,0,0,69,high,4,low,0.893238434,Coh_Amb,Coh,Amb,0.666666667,4422.125,258.8,258.8,337.6,0.2,278.6666667,211,242.8333333,242.8333333,0,258.5,328.25,618.125,1421,0.625,683.3333333
s021,1,21,f,1,0,0,0,69,high,20,high,0.765124555,Coh_Amb,Coh,Amb,0.75,1574,226.1666667,226.1666667,240.1666667,0.166666667,400,258.8571429,277.8571429,277.8571429,0,NA,219.75,254.75,520.75,0.5,136
s022,2,18,f,1,0,0,0,45,low,6,low,0.893238434,Coh_Amb,Coh,Amb,0.727272727,7354.625,255.375,255.375,653.5,0.25,220.3333333,209.2857143,209.2857143,302.7142857,0.142857143,263.3333333,264.125,322.875,530.5,0.125,403
s023,3,19,f,1,0,0,0,71,high,12,low,0.790035587,Coh_Amb,Coh,Amb,0.338028169,3778.5,307.75,307.75,307.75,0,323,187.25,187.25,187.25,0,409.5,470.6666667,548,912,1,NA
s024,4,20,m,1,0,1,0,73,high,13,high,0.786476868,Coh_Amb,Coh,Amb,1,1568.833333,170.7,170.7,207,0.1,150,194.4444444,212.7777778,245.8888889,0.111111111,169,184.5,206.5,465.6,0.6,NA
s025,1,20,f,1,0,0,0,67,high,17,high,0.829181495,Coh_Amb,Coh,Amb,0.416666667,3068.4,228.75,228.75,228.75,0,305,242.6,242.6,242.6,0,166,207.5,282.5,391.75,0.5,NA
s026,2,21,f,1,0,1,0,70,high,25,high,0.743772242,Coh_Amb,Coh,Amb,0.363636364,5461.75,172.5,172.5,226.5,0.25,271.5,259.6666667,259.6666667,259.6666667,0,NA,257.5,572.25,1689.25,0.75,337
s027,3,19,f,1,1,0,0,76,high,16,high,0.939501779,Coh_Amb,Coh,Amb,0.76056338,4746.666667,230.4444444,261,352.1111111,0.333333333,253.3333333,257.4285714,334.5714286,334.5714286,0,210.3333333,222.5555556,346.4444444,1525.777778,0.555555556,258
s028,4,20,m,1,0,0,0,64,low,23,high,0.829181495,Coh_Amb,Coh,Amb,0.666666667,3081.5,239,239,239,0,360.3333333,228.8571429,255.4285714,443.2857143,0.285714286,347.4,202.2857143,306,1200.571429,1,172
s029,1,18,f,1,0,0,0,64,low,12,low,0.743772242,Coh_Amb,Coh,Amb,0.5,3390.666667,275,275,275,0,240.5,172.2,202.8,321,0.4,218,231.5,265.1666667,711.3333333,0.5,134.5
s030,2,19,f,1,0,0,0,63,low,18,high,0.765124555,Coh_Amb,Coh,Amb,0.545454545,3862,248,285.5,326.5,0.166666667,147.5,258.3333333,258.3333333,289.3333333,0,282,317.75,372.5,965.75,0.5,324.5
s031,3,18,f,1,0,0,0,46,low,7,low,0.786476868,Coh_Amb,Coh,Amb,0.915492958,5143.523077,292.4285714,292.4285714,292.4285714,0,219,301,508.1,616.7,0.2,315.75,255.9,576.9,1260,0.4,318
s032,4,19,f,1,0,0,0,65,low,11,low,0.850533808,Coh_Amb,Coh,Amb,0.75,4154.777778,242.1111111,242.1111111,264.6666667,0.111111111,385.2,239.6666667,239.6666667,239.6666667,0,209.5,232.6666667,243.5555556,848.5555556,0.333333333,308.3333333
s033,1,19,f,1,0,0,0,70,high,14,high,0.765124555,Coh_Amb,Coh,Amb,0.583333333,3005.285714,289.5,289.5,366.25,0.5,152,258.8,335.2,335.2,0,413,265.5,335.1666667,335.1666667,0,NA
s034,2,21,f,1,0,0,0,52,low,4,low,0.786476868,Coh_Amb,Coh,Amb,0.727272727,4172.625,247,271.2857143,367.4285714,0.142857143,238,274.75,299.25,299.25,0,291.5,274,388.75,614.625,0.25,268.25
s035,3,19,f,1,0,0,0,73,high,16,high,0.832740214,Coh_Amb,Coh,Amb,0.422535211,3368,360.4,360.4,434.4,0.2,328,287.4,287.4,509.2,0,133,277,365.2,742,0.4,86
s036,4,18,m,1,0,0,0,59,low,6,low,0.615658363,Coh_Amb,Coh,Amb,0.833333333,3647.2,171.7142857,185.8571429,282.7142857,0.285714286,413.5,231.625,275.375,539.25,0.5,193,262.625,449.75,1153,0.625,521
s037,1,20,f,1,0,0,0,78,high,17,high,0.765124555,Coh_Amb,Coh,Amb,0.416666667,2667.2,294.2,294.2,294.2,0,NA,235.3333333,235.3333333,235.3333333,0,564,260.2,346.4,594.8,0.4,NA
s038,2,19,f,1,0,0,0,63,low,10,low,0.850533808,Coh_Amb,Coh,Amb,0.727272727,4433.375,245.25,245.25,264.875,0.125,362.75,236.75,261.375,425.5,0.375,274.5,265.1428571,286.4285714,460.5714286,0.285714286,209.3333333
s039,3,19,f,1,0,0,0,72,high,25,high,0.87544484,Coh_Amb,Coh,Amb,0.76056338,2545.333333,218.1428571,218.1428571,218.1428571,0,NA,204.5,204.5,204.5,0,170.6666667,247.3333333,287.1111111,735.1111111,0.666666667,139.6666667
s040,4,21,f,1,0,0,0,74,high,17,high,0.850533808,Coh_Amb,Coh,Amb,0.833333333,4167.1,182.8571429,216.5714286,216.5714286,0,171.25,195,231.7777778,545.3333333,0.444444444,202,256.9,480.9,1040,0.4,308
s041,1,19,f,1,0,0,0,56,low,6,low,0.640569395,Coh_Amb,Coh,Amb,0.416666667,3713,250,317.4,402,0,NA,226,226,263.2,0.2,203.5,206.8,370.6,530.4,0.4,153
s042,2,20,f,1,0,0,0,72,high,10,low,0.871886121,Coh_Amb,Coh,Amb,0.727272727,2903.125,244.2857143,271,344.7142857,0.142857143,287,239,292.1428571,292.1428571,0,155,241,300.625,350.875,0.25,158
s043,3,20,f,1,0,0,0,66,high,5,low,0.725978648,Coh_Amb,Coh,Amb,0.422535211,3078.4,169.8,169.8,295.2,0.2,190,312.2,312.2,312.2,0,159,217.6,504.8,774.8,0.4,382
s044,4,21,f,1,0,0,0,71,high,20,high,0.786476868,Coh_Amb,Coh,Amb,0.5,3456,196.8,196.8,196.8,0,304.8,235,276.1666667,276.1666667,0,369,223,289.3333333,592.6666667,0.333333333,203
s045,1,20,f,1,0,0,0,59,low,13,high,0.786476868,Coh_Amb,Coh,Amb,0.916666667,4525.909091,242.25,242.25,573.75,0.375,183.6666667,222.2,236.8,255.6,0,272,246.0909091,325.1818182,826.2727273,0.454545455,296.4
s047,3,22,f,1,0,1,0,71,high,18,high,0.93594306,Coh_Amb,Coh,Amb,0.915492958,4301.046154,320.7,320.7,368.4,0.1,303.6666667,271.6666667,293.8888889,358.3333333,0.111111111,122.5,280.4,359.8,713.4,0.6,261.4
s048,4,19,f,1,0,0,0,59,low,7,low,0.829181495,Coh_Amb,Coh,Amb,0.833333333,3957.4,215.5555556,215.5555556,369.8888889,0.444444444,242,207.3333333,252.3333333,519.1111111,0.333333333,351,209.4,336,953.3,0.5,181.2
s049,1,18,f,1,0,0,0,53,low,8,low,0.658362989,Coh_Amb,Coh,Amb,0.5,6291.333333,303.6666667,303.6666667,355.3333333,0.166666667,168.5,240.3333333,381,407.1666667,0.166666667,314.75,243.3333333,331.5,1129.5,0.5,289.8
s050,2,20,f,1,0,0,0,71,high,6,low,0.829181495,Coh_Amb,Coh,Amb,0.363636364,4661.5,279.5,389.5,389.5,0,364,218.75,218.75,278.5,0.25,208.5,327.5,457,1008.25,0.5,257
s051,3,22,f,1,1,0,0,64,low,6,low,0.743772242,Coh_Amb,Coh,Amb,0.915492958,3705.969231,195.2,195.2,233.3,0.1,219,202.3,215.7,279.9,0.2,171.6666667,194.3636364,343.6363636,451.3636364,0.090909091,385
s052,4,19,f,1,0,0,0,66,high,15,high,0.786476868,Coh_Amb,Coh,Amb,0.75,2791.666667,258.5,258.5,258.5,0,178,230.75,230.75,551.75,0.5,225.5,262.875,285.75,683,0.625,NA
s053,1,18,f,1,0,0,0,63,low,23,high,0.829181495,Coh_Amb,Coh,Amb,0.583333333,4345,257.6666667,360.3333333,446.8333333,0.166666667,298.5,318.1666667,342.5,342.5,0,449,298.2857143,472.5714286,1036.857143,0.571428571,254
s054,2,20,f,1,0,1,0,62,low,15,high,0.765124555,Coh_Amb,Coh,Amb,0.727272727,4186.5,194.5714286,194.5714286,292,0.142857143,205,175,175,531.8,0.6,202,208,208,547.2857143,0.142857143,286.3333333
s056,4,22,f,1,0,0,0,68,high,21,high,0.765124555,Coh_Amb,Coh,Amb,0.75,4422.333333,198.6666667,198.6666667,198.6666667,0,179,217.3333333,261.4444444,261.4444444,0,382.4,294.4444444,476.3333333,860.5555556,0.444444444,219.75
s057,1,23,f,1,0,0,0,54,low,20,high,0.597864769,Coh_Amb,Coh,Amb,0.583333333,3145.428571,285.3333333,285.3333333,349,0.166666667,233,223,261.5,474.8333333,0.166666667,204,221.8571429,221.8571429,413.1428571,0.285714286,190.4
s058,2,22,f,1,0,0,0,52,low,7,low,0.722419929,Coh_Amb,Coh,Amb,0.454545455,2945.8,237.4,237.4,237.4,0,NA,214.5,214.5,214.5,0,NA,284,453.8,508.4,0,273
s059,3,20,f,1,0,0,0,64,low,7,low,0.683274021,Coh_Amb,Coh,Amb,0.676056338,6448.75,274.4285714,274.4285714,350.7142857,0.428571429,276.6666667,304.5,304.5,443.25,0.375,409.5,313.375,545.375,1963.625,0.5,416
s060,4,34,f,1,0,0,0,58,low,8,low,0.829181495,Coh_Amb,Coh,Amb,0.833333333,3371.9,269.5,299.6,299.6,0,280.5,206.4444444,263.4444444,315.7777778,0.111111111,254.75,211.1,255.7,335.6,0,207.3333333
s061,1,19,f,1,0,0,0,56,low,13,high,0.786476868,Coh_Amb,Coh,Amb,0.583333333,1908,281.4,281.4,281.4,0,NA,242.5,242.5,242.5,0,NA,218.8571429,218.8571429,218.8571429,0,NA
s062,2,23,f,1,0,0,0,58,low,12,low,0.743772242,Coh_Amb,Coh,Amb,0.363636364,3882.75,262.6666667,305,305,0,438.6666667,211.25,211.25,346.5,0.25,162,174.75,224.25,224.25,0,295
s063,3,19,m,1,0,0,0,64,low,14,high,0.786476868,Coh_Amb,Coh,Amb,0.746478873,7644.867925,232,254,732.7777778,0.333333333,448.5,251.4444444,296.3333333,572.4444444,0.222222222,432.25,245,419.125,2698.875,0.75,474
s064,4,18,f,1,0,0,0,41,low,1,low,0.829181495,Coh_Amb,Coh,Amb,0.416666667,4595.4,357.4,399.8,741.6,0.2,499.5,345.4,345.4,345.4,0,334,392.25,442,813,0.5,395
s065,1,22,f,1,0,0,0,52,low,6,low,0.743772242,Coh_Amb,Coh,Amb,0.5,4160.5,214.4,248,327.8,0.2,250.25,257.2,343.6,343.6,0,274.6666667,285.8333333,412.5,1071.166667,0.333333333,229
s066,2,22,f,1,0,0,0,64,low,5,low,0.829181495,Coh_Amb,Coh,Amb,0.454545455,3885.2,243,243,243,0,188,166,234.75,386,0.5,165,199.2,278,1085.2,0.8,158
s067,3,18,f,1,0,0,0,65,low,18,high,0.8113879,Coh_Amb,Coh,Amb,0.507042254,3697.833333,197.5,224,448.1666667,0.333333333,201,207.8333333,228.1666667,242.5,0.166666667,220,209.6666667,300.1666667,431.5,0.166666667,309.3333333
s068,4,20,f,1,1,0,0,69,high,10,low,0.914590747,Coh_Amb,Coh,Amb,0.916666667,4398.181818,206.8888889,206.8888889,206.8888889,0,210.6,240.1,255,343.3,0.2,222.5,344.3,344.3,480.6,0.2,271.6666667
s069,1,21,f,1,1,0,0,69,high,9,low,0.829181495,Coh_Amb,Coh,Amb,0.5,5485.166667,207.3333333,241.6666667,325.6666667,0,256.6,227.1666667,327.8333333,429.3333333,0,333.4,305.3333333,386,1071,0.5,262.4
s070,2,21,f,1,0,0,0,74,high,20,high,0.722419929,Coh_Amb,Coh,Amb,0.545454545,3066.5,186.8333333,203.8333333,203.8333333,0,317.5,202,258.3333333,258.3333333,0,551,212.1666667,299.5,299.5,0,379.6666667
s071,3,19,f,1,0,0,0,50,low,11,low,0.87544484,Coh_Amb,Coh,Amb,0.929577465,4865.727273,260.6666667,260.6666667,279.2222222,0.111111111,292.5,268.2727273,268.2727273,305.3636364,0.181818182,345.8,307.5454545,573.0909091,1091.909091,0.454545455,241.8
s072,4,24,m,1,0,0,0,65,low,19,high,0.768683274,Coh_Amb,Coh,Amb,0.5,3646.166667,247.1666667,247.1666667,247.1666667,0,509.3333333,280.3333333,280.3333333,280.3333333,0,311,252.6666667,357.5,927,0.5,288.6666667
s073,1,21,m,1,0,0,0,74,high,14,high,0.850533808,Coh_Amb,Coh,Amb,0.666666667,4753.75,275.5,306.875,413.625,0,588,283.125,283.125,301.25,0.125,276.3333333,280.125,375.875,615.125,0.25,276.6666667
s074,2,24,f,1,0,0,0,65,low,4,low,0.829181495,Coh_Amb,Coh,Amb,0.545454545,5475,268.5,385.3333333,409.8333333,0.166666667,344.6666667,237.5,237.5,288,0.166666667,388.5,299.1666667,299.1666667,684,0.333333333,627
s075,3,19,m,1,0,0,0,60,low,6,low,0.679715302,Coh_Amb,Coh,Amb,0.492957746,3502.228571,174.5,204.3333333,380.6666667,0.333333333,286.5,259.6666667,376,781.1666667,0.666666667,207,209,276.5,300,0.166666667,NA
s076,4,20,m,1,0,0,0,70,high,11,low,0.850533808,Coh_Amb,Coh,Amb,0.833333333,2090.6,230.2,230.2,230.2,0,NA,212.2857143,212.2857143,254.7142857,0.142857143,219.5,266.875,322.5,393.75,0.25,131
s077,1,19,f,1,0,0,0,68,high,13,high,0.765124555,Coh_Amb,Coh,Amb,0.5,3344.833333,204.2,204.2,270.6,0.2,775,265.3333333,372.6666667,372.6666667,0,NA,435.1666667,497.5,673.1666667,0.166666667,308
s078,2,21,f,1,0,0,0,59,low,6,low,0.765124555,Coh_Amb,Coh,Amb,0.636363636,5586.142857,291.8333333,291.8333333,345.5,0.166666667,247,331.4285714,331.4285714,519.7142857,0.428571429,277.5,297.8333333,642,992.8333333,0.333333333,644
s079,3,22,m,1,0,0,0,69,high,14,high,0.790035587,Coh_Amb,Coh,Amb,0.507042254,2583.5,136.1666667,157.5,295.3333333,0.166666667,221.5,243,324,351.5,0.166666667,421,218.8333333,259.5,499.1666667,0.333333333,374
s080,4,20,f,1,0,0,0,57,low,11,low,0.807829181,Coh_Amb,Coh,Amb,0.666666667,4058.25,199.2857143,292.8571429,292.8571429,0,253.5,253.625,288.25,321.25,0.125,234.3333333,272.7142857,355.2857143,525.1428571,0.285714286,207.5
s081,1,23,f,1,0,0,0,78,high,41,high,0.829181495,Coh_Amb,Coh,Amb,0.583333333,3977.714286,205,242,242,0,218,233.3333333,233.3333333,337.8333333,0.166666667,181,235.4285714,282.7142857,712.1428571,0.285714286,149.4
s082,2,18,m,1,0,0,0,53,low,9,low,0.807829181,Coh_Amb,Coh,Amb,0.818181818,4119.555556,189,223.4285714,365.4285714,0.428571429,204.6666667,256.25,314.875,361,0.25,366,256.8888889,316.6666667,609.3333333,0.444444444,725.5
s083,3,19,m,1,0,0,0,65,low,8,low,0.854092527,Coh_Amb,Coh,Amb,0.591549296,4448.285714,252.4285714,252.4285714,252.4285714,0,248,195,195,195,0,NA,276.8571429,438.5714286,810.4285714,0.285714286,313.5
s084,4,19,f,1,0,0,0,66,high,4,low,0.743772242,Coh_Amb,Coh,Amb,0.583333333,4626.285714,263,263,599.8,0.4,247,212.8571429,248.1428571,320.1428571,0.285714286,368,273.1428571,445.8571429,1432.428571,0.714285714,257.6666667
s085,1,20,m,1,0,0,0,68,high,12,low,0.807829181,Coh_Amb,Coh,Amb,0.5,4004.666667,165.5,316.5,316.5,0,NA,246.6666667,315.6666667,346.3333333,0.166666667,198.3333333,316.6666667,339.3333333,953,0.666666667,319.6666667
s086,2,20,f,1,0,0,0,70,high,13,high,0.807829181,Coh_Amb,Coh,Amb,0.636363636,2919,219.2,219.2,258,0.2,295,182.7142857,182.7142857,182.7142857,0,565.5,279.2857143,326.2857143,1101.857143,0.714285714,332.5
s087,3,21,f,1,0,0,0,51,low,7,low,0.8113879,Coh_Amb,Coh,Amb,0.507042254,3696.666667,242.4,278.8,278.8,0,NA,261.3333333,291.1666667,371.3333333,0.166666667,409,263,403,848.4,0.8,461.5
s088,4,21,f,1,0,0,0,67,high,13,high,0.786476868,Coh_Amb,Coh,Amb,0.5,4529.666667,215,215,441.1666667,0.666666667,398,314,314,342.8333333,0.166666667,182,303.3333333,364.1666667,382.5,0.166666667,538
s089,1,19,m,1,0,0,0,65,low,14,high,0.871886121,Coh_Amb,Coh,Amb,0.666666667,4040.75,293,315.5714286,453.7142857,0.428571429,206,230.6666667,230.6666667,394.6666667,0.333333333,237.8,292.4285714,364.5714286,822.2857143,0.428571429,184.75
s090,2,19,f,1,0,0,0,61,low,21,high,0.807829181,Coh_Amb,Coh,Amb,0.636363636,3348.428571,218.3333333,218.3333333,218.3333333,0,344,247.8571429,271,271,0,131,344,376.1428571,564.2857143,0.428571429,247.6666667
s091,3,22,m,1,0,0,0,69,high,9,low,0.850533808,Coh_Amb,Coh,Amb,0.830985915,3474.59322,289,310.2,322.4,0.1,331.25,243.8,353.7,353.7,0,302.5,311.1,327.7,388.8,0.2,113
s092,4,19,m,1,0,0,0,77,high,31,high,0.893238434,Coh_Amb,Coh,Amb,0.75,2016,192.7777778,192.7777778,192.7777778,0,170,205.7142857,205.7142857,264.2857143,0.142857143,NA,245.4444444,245.4444444,266.1111111,0.111111111,NA
s093,1,20,m,1,0,0,0,73,high,19,high,0.829181495,Coh_Amb,Coh,Amb,0.583333333,4610.285714,283.8571429,283.8571429,283.8571429,0,NA,297.6666667,297.6666667,297.6666667,0,397,511.7142857,605.7142857,826,0.571428571,444.6666667
s094,2,20,f,1,0,0,0,60,low,10,low,0.701067616,Coh_Amb,Coh,Amb,0.181818182,2963.5,221,221,221,0,110,172.5,254,254,0,100,442,790.5,1228.5,1,163
s096,4,22,f,1,0,0,0,66,high,3,low,0.701067616,Coh_Amb,Coh,Amb,0.833333333,4421.2,241.1428571,241.1428571,241.1428571,0,176,272,272,435.6666667,0.444444444,136,308.1,486.3,763.8,0.4,333.75
s098,2,18,f,1,0,0,0,67,high,15,high,0.850533808,Coh_Amb,Coh,Amb,0.636363636,3301.285714,238.4,238.4,238.4,0,214,237,237,237,0,NA,284.5714286,476.1428571,500.2857143,0.142857143,185
s099,3,23,f,1,0,0,0,72,high,15,high,0.918149466,Coh_Amb,Coh,Amb,0.845070423,3912.1,278.6,287.2,307.5,0.1,415.75,287,287,287,0,221,192.1,568.2,1368.9,0.7,289.8
s100,3,22,f,1,0,0,0,63,low,0,low,0.896797153,Coh_Amb,Coh,Amb,0.845070423,4583.8,212.9,343.9,426.2,0.2,219.6,257,547.3333333,589.3333333,0.111111111,237.6,218.2,352.5,514.6,0.2,307.6
s101,2,20,f,1,0,0,0,70,high,12,low,0.765124555,Coh_Amb,Coh,Amb,0.363636364,4135.5,359,359,359,0,323,188.6666667,188.6666667,188.6666667,0,243.5,290.5,355.75,1274.75,0.75,577
s001,1,18,f,1,0,0,0,70,high,22,high,0.722419929,Anom_UA,Anom,UA,0.909090909,2732.1,220.2857143,220.2857143,249.2857143,0.142857143,NA,231.6666667,269.8888889,269.8888889,0,187,357.4285714,409.7142857,633.2857143,0.285714286,436
s002,2,19,f,1,0,0,0,65,low,17,high,0.850533808,Anom_UA,Anom,UA,0.915492958,3194.076923,226.1428571,226.1428571,253.7142857,0.142857143,175,198.5,280.8,280.8,0,225.3333333,210.4545455,228.5454545,289.4545455,0.090909091,181
s003,3,19,f,1,0,0,0,58,low,20,high,0.854092527,Anom_UA,Anom,UA,0.833333333,2357.8,224,224,224,0,134,154.8,154.8,154.8,0,NA,150.8571429,150.8571429,332.1428571,0.285714286,282
s004,4,19,f,1,0,0,0,59,low,11,low,0.786476868,Anom_UA,Anom,UA,0.75,4087.333333,255.75,270.625,450,0.375,200.25,218.7777778,335.2222222,335.2222222,0,328.25,247.1111111,380.5555556,987.2222222,0.666666667,182
s005,1,22,f,1,0,0,0,56,low,4,low,0.679715302,Anom_UA,Anom,UA,0.727272727,4089.125,219.7142857,237,237,0,323.25,306.625,306.625,306.625,0,265.5,270.25,455.25,575.125,0.25,179
s006,2,21,f,1,0,0,0,52,low,7,low,0.829181495,Anom_UA,Anom,UA,1,3837.253521,272.1818182,293.2727273,406.3636364,0.181818182,344.1428571,234.4,270.1,270.1,0,316,314.9090909,401.5454545,874.3636364,0.454545455,412.5
s007,3,22,f,1,0,0,0,74,high,17,high,0.871886121,Anom_UA,Anom,UA,0.833333333,4539.9,253.5,253.5,355.5,0.3,215.4285714,351.5555556,381.2222222,412.1111111,0.111111111,205.8,270.2857143,401.1428571,1082,0.714285714,288.8
s008,4,22,f,1,0,0,0,59,low,6,low,0.807829181,Anom_UA,Anom,UA,1,3442.5,222.5454545,238.7272727,438.2727273,0.090909091,203.75,283.9090909,297.9090909,357.5454545,0.090909091,198,216.0909091,275.7272727,663.6363636,0.727272727,220.25
s009,1,19,f,1,0,0,0,75,high,23,high,0.893238434,Anom_UA,Anom,UA,0.909090909,2174,179.8571429,179.8571429,179.8571429,0,NA,210.8333333,210.8333333,210.8333333,0,376.5,321,436.8888889,556.3333333,0.444444444,NA
s010,2,19,f,1,0,0,0,54,low,8,low,0.765124555,Anom_UA,Anom,UA,0.915492958,4157.323077,198.6363636,310.6363636,377.1818182,0.181818182,266,276.3636364,396.6363636,408.1818182,0.090909091,284,224.4444444,320.5555556,694.1111111,0.666666667,329.6666667
s011,3,19,f,1,0,0,0,64,low,11,low,0.87544484,Anom_UA,Anom,UA,1,4312.083333,203.9,203.9,323.2,0.3,244.5,203.1666667,211.75,307.5,0.166666667,166,196.1666667,206.5833333,632.6666667,0.5,319.25
s012,4,18,f,1,0,0,0,62,low,11,low,0.850533808,Anom_UA,Anom,UA,0.916666667,3292.545455,272.4444444,272.4444444,346.6666667,0.222222222,227,312.5454545,360.8181818,360.8181818,0,502,373.6363636,535.7272727,690.9090909,0.363636364,NA
s013,1,19,f,1,0,0,0,66,high,16,high,0.59430605,Anom_UA,Anom,UA,0.454545455,3659,196.3333333,196.3333333,252.6666667,0.333333333,268.5,285.2,316.8,316.8,0,255.5,278.6,315,377.8,0.2,387
s014,2,18,f,1,0,0,0,62,low,5,low,0.765124555,Anom_UA,Anom,UA,0.746478873,2421.037736,213,213,213,0,NA,195.5,268.625,322.75,0.125,232.5,207.1428571,317.4285714,664.2857143,0.571428571,179
s015,3,20,m,1,0,0,0,66,high,15,high,0.832740214,Anom_UA,Anom,UA,0.833333333,2103.5,291.8571429,291.8571429,438.7142857,0.285714286,186,284.3333333,302.6666667,302.6666667,0,192.25,226.1111111,226.1111111,604.8888889,0.666666667,305
s016,4,19,m,1,0,0,0,74,high,15,high,0.914590747,Anom_UA,Anom,UA,0.916666667,4023.454545,207.6666667,221.7777778,423.5555556,0.222222222,264.4,259.875,259.875,709,0.375,314,257,316.3636364,1683.181818,0.727272727,338.1666667
s017,1,20,m,1,0,0,0,71,high,18,high,0.850533808,Anom_UA,Anom,UA,0.818181818,2659,235.625,235.625,235.625,0,259.5,249.25,249.25,249.25,0,184,263.625,263.625,497.375,0.375,243
s019,3,27,m,1,0,0,0,71,high,41,high,0.850533808,Anom_UA,Anom,UA,0.916666667,2628,249.2,261.8,261.8,0,286,212.3,280.7,280.7,0,97,339.3,392,433.2,0.3,325
s020,4,18,m,1,0,0,0,69,high,4,low,0.893238434,Anom_UA,Anom,UA,1,5255.166667,315.3,328.6,369.9,0.3,264.4,336,388.4,411.2,0.1,344.4,350,512.75,1325.5,0.75,284
s021,1,21,f,1,0,0,0,69,high,20,high,0.765124555,Anom_UA,Anom,UA,0.727272727,1694.875,248.6666667,248.6666667,262.8333333,0.166666667,221.3333333,223,281.6666667,281.6666667,0,NA,182.1666667,234.5,288.5,0.333333333,NA
s022,2,18,f,1,0,0,0,45,low,6,low,0.893238434,Anom_UA,Anom,UA,1,5633.352113,259.6,275.9,385.7,0.3,216.125,207.4166667,238.4166667,405,0.25,249.4,242.5454545,406.1818182,1067.454545,0.545454545,388
s023,3,19,f,1,0,0,0,71,high,12,low,0.790035587,Anom_UA,Anom,UA,0.833333333,2431.4,208,269.6,306.8,0.2,140,253.7777778,288.8888889,311.8888889,0.111111111,394,338,372.4,748.6,0.6,143.3333333
s024,4,20,m,1,0,1,0,73,high,13,high,0.786476868,Anom_UA,Anom,UA,0.75,1524.555556,173.8333333,173.8333333,173.8333333,0,179,222.125,242,295.25,0.125,86,228.2857143,241.7142857,459.7142857,0.714285714,NA
s025,1,20,f,1,0,0,0,67,high,17,high,0.829181495,Anom_UA,Anom,UA,1,2844.272727,198.75,198.75,198.75,0,311.5,247.4,247.4,247.4,0,207,198.1111111,254.4444444,304.2222222,0.111111111,246.5
s026,2,21,f,1,0,1,0,70,high,25,high,0.743772242,Anom_UA,Anom,UA,1,4699.169014,295,309.5,389.5833333,0.25,294.8,301.1,375.2,785.7,0.4,355,309.9090909,377.9090909,573.6363636,0.363636364,237.25
s027,3,19,f,1,1,0,0,76,high,16,high,0.939501779,Anom_UA,Anom,UA,1,3755.5,251.4444444,338.5555556,379,0.111111111,408.6,248.8,306.2,306.2,0,359.5,286.0833333,430.4166667,1090,0.5,494.6666667
s028,4,20,m,1,0,0,0,64,low,23,high,0.829181495,Anom_UA,Anom,UA,0.916666667,2787.909091,230,230,304,0.333333333,NA,238.4444444,289.8888889,357.2222222,0.222222222,238,217.2222222,249.6666667,489.5555556,0.555555556,228.6666667
s029,1,18,f,1,0,0,0,64,low,12,low,0.743772242,Anom_UA,Anom,UA,0.909090909,4414,238.25,256.125,404.625,0.25,244.1666667,216.2,261.5,532.9,0.1,186.25,243.1428571,243.1428571,1849.571429,0.857142857,314
s030,2,19,f,1,0,0,0,63,low,18,high,0.765124555,Anom_UA,Anom,UA,0.830985915,3543.949153,237.75,277,277,0,206,265.9,313.3,330.6,0.1,151,206.4444444,277.3333333,820.1111111,0.777777778,271
s031,3,18,f,1,0,0,0,46,low,7,low,0.786476868,Anom_UA,Anom,UA,0.75,5796.777778,286.625,306.25,351.25,0.25,488.4,293.1111111,329.4444444,468.3333333,0.333333333,281.2,277.5555556,509.8888889,1568.111111,0.555555556,487.1666667
s032,4,19,f,1,0,0,0,65,low,11,low,0.850533808,Anom_UA,Anom,UA,1,3530.25,236.6666667,246,264.5555556,0.111111111,239.8,248,248,282.75,0.083333333,229.6666667,244.75,285.5,723.6666667,0.416666667,339.5
s033,1,19,f,1,0,0,0,70,high,14,high,0.765124555,Anom_UA,Anom,UA,0.818181818,3464.111111,313.75,313.75,370.25,0.25,255.3333333,257.8571429,298,352.4285714,0.285714286,217,263,296.4285714,593.2857143,0,152.6666667
s034,2,21,f,1,0,0,0,52,low,4,low,0.786476868,Anom_UA,Anom,UA,0.830985915,4516.949153,317.4444444,317.4444444,368.3333333,0.111111111,217,242.5,299.2,333.1,0.2,297.8,261,439.7,625,0.3,261.1666667
s035,3,19,f,1,0,0,0,73,high,16,high,0.832740214,Anom_UA,Anom,UA,1,2793.75,230,230,258.9090909,0.090909091,290,267,284.8181818,327.8181818,0,306.5,292.7272727,368.7272727,658.8181818,0.545454545,245
s036,4,18,m,1,0,0,0,59,low,6,low,0.615658363,Anom_UA,Anom,UA,0.416666667,4814.2,361.25,361.25,564.75,0.25,NA,308.5,308.5,352.75,0.25,312.6666667,303.2,345.6,2901.8,1,333
s037,1,20,f,1,0,0,0,78,high,17,high,0.765124555,Anom_UA,Anom,UA,0.909090909,2589.6,263.5,282.9,353.1,0.1,299,266.8888889,266.8888889,311.1111111,0.111111111,198.6,236.8571429,260,385.5714286,0.428571429,218
s038,2,19,f,1,0,0,0,63,low,10,low,0.850533808,Anom_UA,Anom,UA,1,4058.084507,239.7272727,256.9090909,256.9090909,0,310.1666667,265.75,328,335.0833333,0.083333333,475,255.5454545,322.1818182,746.7272727,0.363636364,112.5
s039,3,19,f,1,0,0,0,72,high,25,high,0.87544484,Anom_UA,Anom,UA,0.916666667,2284.636364,200.1,200.1,222.2,0.1,300.6666667,217,228.2222222,228.2222222,0,239,246.3636364,366.7272727,617.0909091,0.636363636,269
s040,4,21,f,1,0,0,0,74,high,17,high,0.850533808,Anom_UA,Anom,UA,0.916666667,3619.272727,226.2222222,274.7777778,348.2222222,0.333333333,346.6666667,267,320.8,469.8,0.3,172.5,241.5454545,472.8181818,725.3636364,0.363636364,436
s041,1,19,f,1,0,0,0,56,low,6,low,0.640569395,Anom_UA,Anom,UA,0.454545455,4141.2,227,227,349.6,0.4,253,220,220,264,0.25,163,246,246,1298.2,1,323
s042,2,20,f,1,0,0,0,72,high,10,low,0.871886121,Anom_UA,Anom,UA,0.915492958,3030.723077,309,309,309,0,251,237,237,374.4545455,0.363636364,261.8333333,226.125,250.75,587.25,0.5,197.2
s043,3,20,f,1,0,0,0,66,high,5,low,0.725978648,Anom_UA,Anom,UA,0.833333333,2454.2,185,185,203.7142857,0.142857143,NA,204,204,204,0,159,335.1,360.4,468.3,0.3,NA
s044,4,21,f,1,0,0,0,71,high,20,high,0.786476868,Anom_UA,Anom,UA,0.916666667,3029.454545,213.3333333,237.8888889,353.8888889,0.333333333,269,224.4545455,238,308.0909091,0.181818182,205.75,238.1818182,278.8181818,537.5454545,0.545454545,169
s045,1,20,f,1,0,0,0,59,low,13,high,0.786476868,Anom_UA,Anom,UA,0.545454545,4891.833333,207.2,207.2,534.4,0.2,484.6666667,228.4,228.4,348.8,0.2,202.5,297.6666667,334.6666667,861.5,0.333333333,369.25
s047,3,22,f,1,0,1,0,71,high,18,high,0.93594306,Anom_UA,Anom,UA,0.833333333,3842.8,213.75,213.75,213.75,0,250,283.25,323.75,323.75,0,345,335.3333333,399.3333333,768.4444444,0.444444444,443.2
s048,4,19,f,1,0,0,0,59,low,7,low,0.829181495,Anom_UA,Anom,UA,0.916666667,5237.818182,231.75,253.25,422.375,0.125,267.8333333,249.9,292.1,292.1,0,175.375,206,372.1818182,1529.090909,0.727272727,268.8571429
s049,1,18,f,1,0,0,0,53,low,8,low,0.658362989,Anom_UA,Anom,UA,0.545454545,5996.5,215.1666667,215.1666667,380.5,0.5,193,219,265.8,493.8,0.4,244.75,221,331.3333333,740.6666667,0.5,211.6666667
s050,2,20,f,1,0,0,0,71,high,6,low,0.829181495,Anom_UA,Anom,UA,1,4675.647887,254.5,368.5833333,444.4166667,0.166666667,289.8333333,283.4166667,355.0833333,426.5833333,0.166666667,343.2,224,345.5,1107.9,0.7,502.6
s051,3,22,f,1,1,0,0,64,low,6,low,0.743772242,Anom_UA,Anom,UA,0.5,5168.166667,233.6666667,299.1666667,299.1666667,0,227.5,239.3333333,278.6666667,278.6666667,0,340,236,358.6666667,358.6666667,0,192.3333333
s052,4,19,f,1,0,0,0,66,high,15,high,0.786476868,Anom_UA,Anom,UA,0.833333333,2824.9,291.4444444,291.4444444,477,0.444444444,230.5,290,290,312.6666667,0.166666667,146,269.5555556,304.7777778,696.4444444,0.777777778,NA
s053,1,18,f,1,0,0,0,63,low,23,high,0.829181495,Anom_UA,Anom,UA,0.909090909,4263.2,291.25,344.5,448,0.25,231.6666667,245.8888889,273.4444444,273.4444444,0,278,265.2,324.3,451.7,0.3,330.25
s054,2,20,f,1,0,1,0,62,low,15,high,0.765124555,Anom_UA,Anom,UA,0.830985915,4013.694915,211.875,224.375,317.125,0.25,211.5714286,159.875,215.25,511.5,0.625,203.5,225.125,225.125,981.375,0.25,326.6
s056,4,22,f,1,0,0,0,68,high,21,high,0.765124555,Anom_UA,Anom,UA,0.833333333,3408.6,210,270.1111111,382.7777778,0.222222222,244.5,224.5,237.375,399.25,0.25,167.5,281.25,441.375,631.5,0.25,498.6666667
s057,1,23,f,1,0,0,0,54,low,20,high,0.597864769,Anom_UA,Anom,UA,0.363636364,3435.25,260.6666667,260.6666667,388,0.333333333,206.3333333,231.5,231.5,231.5,0,297.5,220.75,220.75,307.5,0.25,136
s058,2,22,f,1,0,0,0,52,low,7,low,0.722419929,Anom_UA,Anom,UA,0.915492958,3166.015385,185,261.7777778,261.7777778,0,NA,212,249.4,340.2,0.2,275.5,254.8181818,349.3636364,532.4545455,0.363636364,443.5
s059,3,20,f,1,0,0,0,64,low,7,low,0.683274021,Anom_UA,Anom,UA,0.583333333,9113,322.1428571,322.1428571,364.8571429,0.285714286,275.1428571,265.2857143,265.2857143,319.2857143,0.142857143,342.5,246.1428571,445.7142857,2027.142857,0.714285714,307.1666667
s060,4,34,f,1,0,0,0,58,low,8,low,0.829181495,Anom_UA,Anom,UA,0.916666667,3801.636364,253.625,292.25,347.75,0.125,272.5,236.7,338.7,338.7,0,194.3333333,244.7,260,367.9,0.3,281
s061,1,19,f,1,0,0,0,56,low,13,high,0.786476868,Anom_UA,Anom,UA,0.909090909,2153.7,249.5,249.5,325.8333333,0.166666667,239,215.875,215.875,245.625,0.125,NA,215,261.9,420.3,0.2,266
s062,2,23,f,1,0,0,0,58,low,12,low,0.743772242,Anom_UA,Anom,UA,1,3871.140845,229.5833333,252,266.5833333,0.083333333,205.5714286,203.75,230.6666667,260.5833333,0.083333333,158.8,229.4166667,345.3333333,810.9166667,0.5,369
s063,3,19,m,1,0,0,0,64,low,14,high,0.786476868,Anom_UA,Anom,UA,0.75,6457,235.875,235.875,631.125,0.25,251,252.1111111,279.7777778,690.6666667,0,290.25,279.2222222,371.7777778,2667.111111,0.888888889,453.8571429
s064,4,18,f,1,0,0,0,41,low,1,low,0.829181495,Anom_UA,Anom,UA,1,5087.75,316,400.3333333,700.1666667,0.333333333,351.4,275.1818182,384.3636364,430,0.090909091,223.4,278.2727273,429.0909091,975.0909091,0.454545455,278.6666667
s065,1,22,f,1,0,0,0,52,low,6,low,0.743772242,Anom_UA,Anom,UA,0.727272727,3949.25,236.2857143,262.2857143,423.7142857,0.285714286,192.6666667,247.375,267,267,0,228,206.75,399.375,769.625,0.25,374
s066,2,22,f,1,0,0,0,64,low,5,low,0.829181495,Anom_UA,Anom,UA,1,2834.084507,179.6363636,189.9090909,189.9090909,0,278.5,207,262.25,361.25,0.25,247.5,183.0909091,310.2727273,536.9090909,0.363636364,159
s067,3,18,f,1,0,0,0,65,low,18,high,0.8113879,Anom_UA,Anom,UA,0.916666667,3313.272727,199,199,288.7272727,0.272727273,201,215.3636364,230,383.0909091,0.181818182,336.8333333,220.7,287.4,448.6,0.3,202.2
s068,4,20,f,1,1,0,0,69,high,10,low,0.914590747,Anom_UA,Anom,UA,1,3639.25,243.5,261.25,346.5,0.375,246.5,268.9,268.9,324.5,0.1,326.75,358.9166667,395.5833333,592.5,0.333333333,225.5
s069,1,21,f,1,1,0,0,69,high,9,low,0.829181495,Anom_UA,Anom,UA,0.909090909,4304.8,242,252.5,305.875,0.25,221.5,272.6666667,288.4444444,378.4444444,0.333333333,335.3333333,251.8,322.7,437.7,0.1,262.1428571
s070,2,21,f,1,0,0,0,74,high,20,high,0.722419929,Anom_UA,Anom,UA,0.915492958,2607.876923,247.7,247.7,284.9,0.2,240.6666667,205.4,222.7,222.7,0,280.5,227,249.3333333,466,0.333333333,324.6666667
s071,3,19,f,1,0,0,0,50,low,11,low,0.87544484,Anom_UA,Anom,UA,0.75,5233.111111,254.25,254.25,444,0.375,247.6666667,317.5,438.875,460.5,0.125,310.6,388.875,499.25,851.875,0.375,326
s072,4,24,m,1,0,0,0,65,low,19,high,0.768683274,Anom_UA,Anom,UA,1,3572,244.4444444,261.7777778,279.5555556,0.111111111,374.75,288.4166667,361.6666667,369.75,0.083333333,236.6666667,240.8181818,503.1818182,784.8181818,0.272727273,250
s073,1,21,m,1,0,0,0,74,high,14,high,0.850533808,Anom_UA,Anom,UA,0.818181818,4433.666667,244.5555556,263.5555556,278.3333333,0.111111111,413,268.6666667,299.7777778,299.7777778,0,197.5,267.5555556,289.5555556,289.5555556,0,274.75
s074,2,24,f,1,0,0,0,65,low,4,low,0.829181495,Anom_UA,Anom,UA,0.915492958,5392.430769,248.1818182,361.6363636,447,0.181818182,238.1428571,264.9090909,379,447.0909091,0.181818182,450.5,371.1818182,500.1818182,770.1818182,0.181818182,580.7142857
s075,3,19,m,1,0,0,0,60,low,6,low,0.679715302,Anom_UA,Anom,UA,0.583333333,3519.428571,230.8333333,230.8333333,525.3333333,0.333333333,144.3333333,243,267.7142857,315.5714286,0.142857143,192.5,162.1666667,278.6666667,278.6666667,0,157
s076,4,20,m,1,0,0,0,70,high,11,low,0.850533808,Anom_UA,Anom,UA,0.916666667,2694.363636,250.5,250.5,316.25,0.25,346,250.3,250.3,303.4,0.1,227.3333333,410.1818182,471.7272727,708.2727273,0.454545455,NA
s077,1,19,f,1,0,0,0,68,high,13,high,0.765124555,Anom_UA,Anom,UA,0.818181818,3150.444444,222.5,254.1666667,254.1666667,0,NA,277.75,308.625,332.875,0.125,317,349.5555556,647.5555556,647.5555556,0,NA
s078,2,21,f,1,0,0,0,59,low,6,low,0.765124555,Anom_UA,Anom,UA,0.830985915,6070.932203,312.4444444,339.4444444,482.3333333,0.333333333,233,292.8,347.4,622.3,0.5,314.6666667,321.375,360.75,1967.875,0.625,428.1666667
s079,3,22,m,1,0,0,0,69,high,14,high,0.790035587,Anom_UA,Anom,UA,0.833333333,2521.8,172.4444444,189.1111111,189.1111111,0,NA,212.7,254.8,254.8,0,200.5,246.6,246.6,388.2,0.3,334
s080,4,20,f,1,0,0,0,57,low,11,low,0.807829181,Anom_UA,Anom,UA,0.833333333,3826.1,201.5555556,201.5555556,246.4444444,0.111111111,261.2,223,304,317.8,0.1,217,254.5,451.3,793.9,0.5,310
s081,1,23,f,1,0,0,0,78,high,41,high,0.829181495,Anom_UA,Anom,UA,0.909090909,2978.5,205.1,205.1,293.9,0.1,277.5,192.2222222,192.2222222,506.2222222,0.555555556,260.5,216.75,270.25,409.5,0.25,241
s082,2,18,m,1,0,0,0,53,low,9,low,0.807829181,Anom_UA,Anom,UA,0.915492958,4943.492308,200.5,271.6,344.5,0.1,272,274.7777778,380.2222222,736.7777778,0.222222222,337.6,290.6666667,539.8888889,1721.222222,0.777777778,233.8333333
s083,3,19,m,1,0,0,0,65,low,8,low,0.854092527,Anom_UA,Anom,UA,0.916666667,4519.545455,273.2222222,273.2222222,512,0.333333333,216.6666667,226.7,288.2,340,0.2,198,220.9,345.6,843,0.8,389.6666667
s084,4,19,f,1,0,0,0,66,high,4,low,0.743772242,Anom_UA,Anom,UA,1,3943.083333,233.4444444,363.8888889,618.2222222,0.333333333,215.6666667,253.3636364,306.1818182,378.8181818,0.181818182,242,227.4166667,333.0833333,1039.916667,0.833333333,215.25
s085,1,20,m,1,0,0,0,68,high,12,low,0.807829181,Anom_UA,Anom,UA,0.909090909,4230.4,186.125,186.125,415.625,0.375,228.25,235.7777778,235.7777778,331,0.222222222,225,276.2,329.7,1287.3,0.7,262.4
s086,2,20,f,1,0,0,0,70,high,13,high,0.807829181,Anom_UA,Anom,UA,0.915492958,2787.830769,204.6666667,204.6666667,204.6666667,0,262.3333333,226.4,238.7,452.6,0.2,233.8571429,259.8888889,319.4444444,605.2222222,0.666666667,135
s087,3,21,f,1,0,0,0,51,low,7,low,0.8113879,Anom_UA,Anom,UA,0.833333333,3613.4,286.4,286.4,358.8,0.4,202,264.2222222,289.3333333,307.3333333,0.111111111,324,413,544.7777778,782.3333333,0.444444444,371.75
s088,4,21,f,1,0,0,0,67,high,13,high,0.786476868,Anom_UA,Anom,UA,1,3716.666667,244.4444444,341.6666667,480.4444444,0.555555556,312,257.1,279.5,279.5,0,193.3333333,232.6666667,248.0833333,366.6666667,0.416666667,173.75
s089,1,19,m,1,0,0,0,65,low,14,high,0.871886121,Anom_UA,Anom,UA,0.909090909,4103.9,246.7777778,271,424.5555556,0.333333333,203.3333333,221.5,221.5,512,0.125,250.2,205.3333333,225.4444444,295,0.111111111,224.75
s090,2,19,f,1,0,0,0,61,low,21,high,0.807829181,Anom_UA,Anom,UA,0.830985915,3671.813559,262,262,314,0.285714286,264,253.9,289.1,370.2,0.2,212.5,324.6666667,357.1111111,925.5555556,0.666666667,283.3333333
s091,3,22,m,1,0,0,0,69,high,9,low,0.850533808,Anom_UA,Anom,UA,0.833333333,3123.3,248.3,262.1,262.1,0,289.3333333,266.6,307.3,307.3,0,374.75,297.8888889,313.5555556,507.1111111,0.444444444,309
s092,4,19,m,1,0,0,0,77,high,31,high,0.893238434,Anom_UA,Anom,UA,1,1771,172.75,172.75,190.875,0.125,NA,217,241.25,241.25,0,NA,255.4166667,297.5833333,337.0833333,0.166666667,NA
s093,1,20,m,1,0,0,0,73,high,19,high,0.829181495,Anom_UA,Anom,UA,0.909090909,5156.7,324.8,344.5,413.3,0.1,341,342.6,398.3,488.9,0.1,497.6,357.7,442.7,1190.3,0.4,494.5
s094,2,20,f,1,0,0,0,60,low,10,low,0.701067616,Anom_UA,Anom,UA,1,2736.929577,181.5,219.0833333,249.5833333,0.083333333,273.5,210.3333333,268.6666667,342.6666667,0.166666667,384.5,259.7,429.4,548.5,0.1,238.3333333
s096,4,22,f,1,0,0,0,66,high,3,low,0.701067616,Anom_UA,Anom,UA,0.416666667,4599.4,259.6666667,259.6666667,361.6666667,0,NA,206.75,206.75,315.25,0.25,189,254.2,410.6,778,0.8,228
s098,2,18,f,1,0,0,0,67,high,15,high,0.850533808,Anom_UA,Anom,UA,1,3519.943662,301.8181818,333.3636364,333.3636364,0,183.5,224.6666667,260.75,271.8333333,0.083333333,NA,306.2222222,493.7777778,742.6666667,0.555555556,314
s099,3,23,f,1,0,0,0,72,high,15,high,0.918149466,Anom_UA,Anom,UA,0.833333333,3793.5,230.4444444,230.4444444,297.5555556,0.111111111,239.1666667,246.4,246.4,285.3,0.2,259.75,197.6,401.9,452.4,0.1,297
s100,3,22,f,1,0,0,0,63,low,0,low,0.896797153,Anom_UA,Anom,UA,0.916666667,4371.727273,209.8181818,271.9090909,337.5454545,0.181818182,289.6,235.3636364,357.7272727,357.7272727,0,283,235.3333333,366.8888889,421.6666667,0.111111111,189
s101,2,20,f,1,0,0,0,70,high,12,low,0.765124555,Anom_UA,Anom,UA,1,3552.225352,292,315.5454545,315.5454545,0,359.2857143,233.25,257.4166667,310.8333333,0.083333333,167,255.8181818,473.3636364,728.7272727,0.545454545,243
s001,1,18,f,1,0,0,0,70,high,22,high,0.722419929,Anom_Amb,Anom,Amb,0.915492958,2786,233.4,233.4,266.2,0.2,200,235.5555556,251.2222222,420.8888889,0.444444444,240,303.5,421.8,642.5,0.4,360
s002,2,19,f,1,0,0,0,65,low,17,high,0.850533808,Anom_Amb,Anom,Amb,0.666666667,3639.75,202.125,234.5,234.5,0,382.25,192.25,224.25,328.25,0.125,183.5,198.5714286,264.5714286,576.4285714,0.142857143,258
s003,3,19,f,1,0,0,0,58,low,20,high,0.854092527,Anom_Amb,Anom,Amb,0.833333333,2407.9,235.8,235.8,308.8,0.2,254,146.8333333,146.8333333,146.8333333,0,NA,217.4285714,217.4285714,391,0.142857143,161
s004,4,19,f,1,0,0,0,59,low,11,low,0.786476868,Anom_Amb,Anom,Amb,0.454545455,4966.8,237.6,270,270,0,209,205.8,205.8,205.8,0,197.75,266.2,462.6,702.2,0.4,207.75
s005,1,22,f,1,0,0,0,56,low,4,low,0.679715302,Anom_Amb,Anom,Amb,0.746478873,4512.301887,197,221.1111111,221.1111111,0,432.3333333,264.5555556,396.2222222,480.8888889,0.111111111,364.5,266,387,581.6666667,0.222222222,269
s006,2,21,f,1,0,0,0,52,low,7,low,0.829181495,Anom_Amb,Anom,Amb,0.666666667,4413.375,273.25,273.25,273.25,0,508,272.625,359.125,498.25,0.25,740,297.125,310,764.75,0.375,305.3333333
s007,3,22,f,1,0,0,0,74,high,17,high,0.871886121,Anom_Amb,Anom,Amb,0.916666667,4814.545455,275.8181818,302.9090909,331,0.090909091,317.8,267.5,394.4,538.2,0.2,268.2,206.2,313.3,880.1,0.5,272.2
s008,4,22,f,1,0,0,0,59,low,6,low,0.807829181,Anom_Amb,Anom,Amb,0.909090909,3902.1,314.8571429,370.7142857,456.1428571,0.142857143,228.3333333,197.2857143,197.2857143,555.4285714,0.571428571,217,208.5,249,777.4,0.7,305
s009,1,19,f,1,0,0,0,75,high,23,high,0.893238434,Anom_Amb,Anom,Amb,1,2320.985915,169.25,169.25,169.25,0,NA,240.5,240.5,240.5,0,216,396.5454545,493.9090909,594.7272727,0.181818182,339.5
s010,2,19,f,1,0,0,0,54,low,8,low,0.765124555,Anom_Amb,Anom,Amb,0.75,4687.555556,182.3333333,293,327.4444444,0.111111111,198.5,214.7777778,335.6666667,335.6666667,0,374.8333333,233.1111111,308.6666667,964.4444444,0.777777778,211
s011,3,19,f,1,0,0,0,64,low,11,low,0.87544484,Anom_Amb,Anom,Amb,0.916666667,3694.181818,230.7777778,230.7777778,270.4444444,0.111111111,196.8,220.2,234.4,329.7,0.1,239.6,198.8181818,198.8181818,1082.272727,0.909090909,247
s012,4,18,f,1,0,0,0,62,low,11,low,0.850533808,Anom_Amb,Anom,Amb,1,3551.272727,255.8888889,255.8888889,332.4444444,0.222222222,167,243.4,333,400.3,0.1,457,307.5,516.8,577.4,0.1,697
s013,1,19,f,1,0,0,0,66,high,16,high,0.59430605,Anom_Amb,Anom,Amb,0.661971831,3869.957447,271.125,271.125,271.125,0,256.5,226.5714286,426,426,0,314,246.5714286,370,693.8571429,0.285714286,374.2
s014,2,18,f,1,0,0,0,62,low,5,low,0.765124555,Anom_Amb,Anom,Amb,0.666666667,2473,212.125,212.125,212.125,0,214.2,215,215,215,0,103,247.3333333,247.3333333,728.3333333,0.5,104
s015,3,20,m,1,0,0,0,66,high,15,high,0.832740214,Anom_Amb,Anom,Amb,0.833333333,2002.6,211.5714286,211.5714286,211.5714286,0,116,238.8,238.8,413.8,0.2,207,211.7777778,211.7777778,450.3333333,0.888888889,256
s016,4,19,m,1,0,0,0,74,high,15,high,0.914590747,Anom_Amb,Anom,Amb,0.818181818,4930.777778,206.625,206.625,452.25,0.625,232.6666667,236,266.7777778,369.4444444,0.222222222,500.7142857,227.3333333,293.2222222,2004,0.888888889,431.6666667
s017,1,20,m,1,0,0,0,71,high,18,high,0.850533808,Anom_Amb,Anom,Amb,0.915492958,2728.830769,265.1428571,265.1428571,315.1428571,0.142857143,195.5,227.2222222,237.8888889,315.2222222,0.111111111,195.6666667,255.2,306.5,647.2,0.3,224.6666667
s019,3,27,m,1,0,0,0,71,high,41,high,0.850533808,Anom_Amb,Anom,Amb,1,2701,245.1666667,256.5833333,256.5833333,0,200.6666667,221.8888889,237.3333333,237.3333333,0,NA,238.25,276.1666667,429.1666667,0.333333333,272
s020,4,18,m,1,0,0,0,69,high,4,low,0.893238434,Anom_Amb,Anom,Amb,0.909090909,5700.3,303.1428571,303.1428571,366.4285714,0.285714286,238.1428571,302.5,363.75,796.75,0.25,328.75,321.9,501.8,1460.8,0.8,278.8
s021,1,21,f,1,0,0,0,69,high,20,high,0.765124555,Anom_Amb,Anom,Amb,0.746478873,1545.283019,227.4285714,227.4285714,227.4285714,0,258.3333333,218,241.8571429,291,0.285714286,NA,179.5,179.5,333.1666667,0.666666667,NA
s022,2,18,f,1,0,0,0,45,low,6,low,0.893238434,Anom_Amb,Anom,Amb,0.916666667,8164.363636,257.1111111,257.1111111,497.7777778,0.333333333,188.125,205.5454545,254.4545455,671.8181818,0.090909091,212.2222222,260.0909091,302,1182.818182,0.272727273,254.1111111
s023,3,19,f,1,0,0,0,71,high,12,low,0.790035587,Anom_Amb,Anom,Amb,1,2756.166667,253.6,291.9,399.9,0.3,300.4,219.5,241.75,308.375,0.125,251.75,311.3,362.8,1001.8,0.7,205.5
s024,4,20,m,1,0,1,0,73,high,13,high,0.786476868,Anom_Amb,Anom,Amb,0.454545455,2023.8,154,154,282,0,163,166.2,166.2,533.4,0.2,160,206.75,206.75,771.5,0.75,NA
s025,1,20,f,1,0,0,0,67,high,17,high,0.829181495,Anom_Amb,Anom,Amb,1,2994.873239,269.2,269.2,269.2,0,236.5714286,231.8333333,259.3333333,259.3333333,0,170,189.1666667,261.6666667,383.3333333,0.333333333,195
s026,2,21,f,1,0,1,0,70,high,25,high,0.743772242,Anom_Amb,Anom,Amb,0.916666667,4545.909091,256.0909091,256.0909091,353.0909091,0.181818182,290,261.2727273,261.2727273,303.8181818,0.090909091,271.25,295.8,295.8,758.2,0.3,315
s027,3,19,f,1,1,0,0,76,high,16,high,0.939501779,Anom_Amb,Anom,Amb,1,4284.75,384.1,476.1,604,0.2,294.8571429,250,250,283.6666667,0.166666667,349.6,235.0833333,288.5,646.1666667,0.416666667,267
s028,4,20,m,1,0,0,0,64,low,23,high,0.829181495,Anom_Amb,Anom,Amb,0.727272727,3430.375,195.3333333,195.3333333,348.8333333,0.333333333,271.25,267,267,845.7142857,0.428571429,245,225.1666667,281.3333333,697,0.333333333,112
s029,1,18,f,1,0,0,0,64,low,12,low,0.743772242,Anom_Amb,Anom,Amb,0.577464789,4091.878049,262.5,262.5,262.5,0,231,229,242,587.1428571,0.285714286,157,219.8,219.8,1848.2,0.8,261.5
s030,2,19,f,1,0,0,0,63,low,18,high,0.765124555,Anom_Amb,Anom,Amb,0.75,4382.777778,261,299.875,299.875,0,467.8,253.4285714,402,427,0.142857143,220,237.625,237.625,951.125,0.625,356.5
s031,3,18,f,1,0,0,0,46,low,7,low,0.786476868,Anom_Amb,Anom,Amb,0.583333333,5369.285714,207.1428571,227.4285714,227.4285714,0,291.25,292.2857143,318.1428571,318.1428571,0,244.5,273.5714286,476.2857143,1099.571429,0.285714286,406
s032,4,19,f,1,0,0,0,65,low,11,low,0.850533808,Anom_Amb,Anom,Amb,0.727272727,3952.875,230,260,282.5,0.125,357.3333333,234.8571429,234.8571429,314.5714286,0.571428571,NA,221.125,296,951.875,0.5,142
s033,1,19,f,1,0,0,0,70,high,14,high,0.765124555,Anom_Amb,Anom,Amb,0.746478873,3423.09434,234.5714286,255.2857143,356.8571429,0.142857143,263.6666667,314.125,363.75,479.375,0.375,219.5,259.8888889,315.7777778,503.6666667,0.333333333,290
s034,2,21,f,1,0,0,0,52,low,4,low,0.786476868,Anom_Amb,Anom,Amb,0.583333333,4861.142857,267.2857143,267.2857143,368.2857143,0.142857143,224.6,252.7142857,278.5714286,306.5714286,0.142857143,385.8333333,247,324.2857143,835.2857143,0.714285714,400.1666667
s035,3,19,f,1,0,0,0,73,high,16,high,0.832740214,Anom_Amb,Anom,Amb,1,2588,272.75,272.75,323.4166667,0.166666667,215.6,260.8888889,260.8888889,260.8888889,0,237,308.5454545,346.4545455,538.5454545,0.363636364,368.5
s036,4,18,m,1,0,0,0,59,low,6,low,0.615658363,Anom_Amb,Anom,Amb,0.272727273,4100,247.6666667,247.6666667,247.6666667,0,535.5,192,308,308,0,NA,257.6666667,339.3333333,576,0.333333333,NA
s037,1,20,f,1,0,0,0,78,high,17,high,0.765124555,Anom_Amb,Anom,Amb,0.915492958,3160.415385,277.8,309.9,366.5,0.2,156,242.7272727,242.7272727,297.4545455,0.181818182,200.5,238.3333333,238.3333333,861.6666667,0.777777778,230.3333333
s038,2,19,f,1,0,0,0,63,low,10,low,0.850533808,Anom_Amb,Anom,Amb,0.833333333,4248.6,251,251,265.5555556,0.111111111,333,296.5,311.6,406.9,0.3,324.1428571,260.375,297.625,447,0.25,221.25
s039,3,19,f,1,0,0,0,72,high,25,high,0.87544484,Anom_Amb,Anom,Amb,0.833333333,2482.8,209,209,246.4,0.1,210.75,235.625,235.625,308.875,0.125,NA,265.7,355.4,621.4,0.5,NA
s040,4,21,f,1,0,0,0,74,high,17,high,0.850533808,Anom_Amb,Anom,Amb,0.818181818,5403.666667,216.4285714,216.4285714,301.5714286,0.142857143,192.2,230.4285714,274,701.2857143,0.285714286,363.5,204.7777778,378.3333333,1848.777778,0.666666667,373.6
s041,1,19,f,1,0,0,0,56,low,6,low,0.640569395,Anom_Amb,Anom,Amb,0.76056338,3620.666667,249.7777778,282.2222222,331.5555556,0.222222222,267.8,250.1111111,277,301.7777778,0.111111111,NA,185.625,359.75,638.625,0.625,191
s042,2,20,f,1,0,0,0,72,high,10,low,0.871886121,Anom_Amb,Anom,Amb,0.833333333,3192.8,204.5714286,204.5714286,231.8571429,0.142857143,302,267.1111111,267.1111111,267.1111111,0,305.4,264.7777778,264.7777778,585.4444444,0.222222222,238.3333333
s043,3,20,f,1,0,0,0,66,high,5,low,0.725978648,Anom_Amb,Anom,Amb,1,2774.916667,201.25,201.25,252.625,0.125,280,229,240.8888889,240.8888889,0,447,256.8333333,404.25,709.9166667,0.5,234.5
s044,4,21,f,1,0,0,0,71,high,20,high,0.786476868,Anom_Amb,Anom,Amb,0.818181818,3254.777778,203,253.8888889,282.5555556,0,299,214.5,214.5,231,0.125,133.5,211.125,238.875,925.625,0.625,256.75
s045,1,20,f,1,0,0,0,59,low,13,high,0.786476868,Anom_Amb,Anom,Amb,0.661971831,6351.255319,185.75,249.5,495.875,0.5,403.5714286,234.125,276.875,558.875,0.375,337.1666667,265.2857143,363.8571429,2295,0.857142857,329.6666667
s047,3,22,f,1,0,1,0,71,high,18,high,0.93594306,Anom_Amb,Anom,Amb,1,3514.416667,260.1666667,271.1666667,338.1666667,0.166666667,233.3333333,251.9166667,271,271,0,288.6666667,363.6666667,449.3333333,674.9166667,0.5,190
s048,4,19,f,1,0,0,0,59,low,7,low,0.829181495,Anom_Amb,Anom,Amb,0.636363636,6208.571429,228.2857143,228.2857143,317.4285714,0.285714286,302.6666667,229.8571429,265.7142857,265.7142857,0,281.1428571,231.4285714,279.8571429,1893.142857,0.571428571,363.1428571
s049,1,18,f,1,0,0,0,53,low,8,low,0.658362989,Anom_Amb,Anom,Amb,0.830985915,6798.576271,237.3,266.6,460.4,0.2,290.125,260.2,306.8,819.3,0.4,255.5714286,228.6,228.6,1897.6,0.5,294.25
s050,2,20,f,1,0,0,0,71,high,6,low,0.829181495,Anom_Amb,Anom,Amb,0.916666667,4729.363636,249.4545455,307.2727273,374.7272727,0.181818182,486,268.1818182,403.5454545,403.5454545,0,631.6666667,243.7272727,336.4545455,610.6363636,0.272727273,303.4285714
s051,3,22,f,1,1,0,0,64,low,6,low,0.743772242,Anom_Amb,Anom,Amb,0.583333333,4938,187.2857143,222.5714286,511.4285714,0.428571429,245.3333333,215.1666667,215.1666667,215.1666667,0,277.75,193.5,245.5,389.3333333,0.166666667,245
s052,4,19,f,1,0,0,0,66,high,15,high,0.786476868,Anom_Amb,Anom,Amb,0.636363636,3161.285714,243,243,367.1428571,0.285714286,198.3333333,234.3333333,234.3333333,234.3333333,0,184,248.6666667,248.6666667,929.3333333,1,88
s053,1,18,f,1,0,0,0,63,low,23,high,0.829181495,Anom_Amb,Anom,Amb,0.915492958,4887.292308,300.3,329.4,398.5,0.3,522.75,272.25,272.25,336.375,0.125,306,269.0909091,394.6363636,680.5454545,0.363636364,202.5
s054,2,20,f,1,0,1,0,62,low,15,high,0.765124555,Anom_Amb,Anom,Amb,0.5,3677.5,200,200,200,0,227,209.25,246.25,537.75,0.5,302.3333333,201.6666667,201.6666667,494.6666667,0.333333333,95
s056,4,22,f,1,0,0,0,68,high,21,high,0.765124555,Anom_Amb,Anom,Amb,0.636363636,4815.714286,250,277.1428571,419.7142857,0.142857143,251,175.6666667,246.1666667,246.1666667,0,120,209.8333333,515.6666667,758,0.333333333,113
s057,1,23,f,1,0,0,0,54,low,20,high,0.597864769,Anom_Amb,Anom,Amb,0.507042254,3012.833333,262.6666667,262.6666667,262.6666667,0,293.5,232,297.8,357.4,0.2,126,222.5,222.5,529,0.25,216.5
s058,2,22,f,1,0,0,0,52,low,7,low,0.722419929,Anom_Amb,Anom,Amb,0.583333333,3538,192,192,318.8333333,0.166666667,196,237,290.1666667,290.1666667,0,260.6666667,351.5714286,512.4285714,757.8571429,0.428571429,282
s059,3,20,f,1,0,0,0,64,low,7,low,0.683274021,Anom_Amb,Anom,Amb,0.583333333,8912.285714,269.8571429,269.8571429,708.1428571,0.285714286,254.6,262.1428571,331.1428571,520.8571429,0.142857143,433.4,275.8571429,714.5714286,2419.571429,0.571428571,508.1666667
s060,4,34,f,1,0,0,0,58,low,8,low,0.829181495,Anom_Amb,Anom,Amb,0.545454545,4111.333333,249.2,249.2,249.2,0,248.5,193.5,230.1666667,458.5,0.333333333,314.5,220,220,220,0,208
s061,1,19,f,1,0,0,0,56,low,13,high,0.786476868,Anom_Amb,Anom,Amb,0.661971831,2068.531915,214.6,214.6,214.6,0,353,238.5714286,238.5714286,238.5714286,0,417,218,254.2857143,504,0.571428571,125
s062,2,23,f,1,0,0,0,58,low,12,low,0.743772242,Anom_Amb,Anom,Amb,0.833333333,4080.3,240.75,272.5,318.125,0.125,194.2857143,230.4,230.4,230.4,0,268.4,221.9,272.4,555.6,0.2,221.8
s063,3,19,m,1,0,0,0,64,low,14,high,0.786476868,Anom_Amb,Anom,Amb,0.75,5886.777778,283.6666667,309.6666667,508,0.333333333,338.3333333,280.3333333,298.8888889,331.8888889,0.111111111,200.6666667,261.3333333,336.4444444,1552.222222,0.777777778,437
s064,4,18,f,1,0,0,0,41,low,1,low,0.829181495,Anom_Amb,Anom,Amb,0.909090909,5527.3,238.7,405.7,674.4,0.3,377.625,287.6,529.8,529.8,0,264,275,369,497.7777778,0.222222222,215
s065,1,22,f,1,0,0,0,52,low,6,low,0.743772242,Anom_Amb,Anom,Amb,0.915492958,4289.246154,259,312.3636364,312.3636364,0,261.4285714,249.4,308,504.8,0.2,207.6666667,214.7,375.9,1179.8,0.7,215.6
s066,2,22,f,1,0,0,0,64,low,5,low,0.829181495,Anom_Amb,Anom,Amb,0.916666667,3970.272727,224.1111111,251,492.4444444,0.222222222,226.4285714,240.4545455,421.0909091,677.3636364,0.363636364,207.4,194.6,322.5,1381.8,0.8,234
s067,3,18,f,1,0,0,0,65,low,18,high,0.8113879,Anom_Amb,Anom,Amb,0.833333333,3123.7,244.6,289,302.3,0.1,316.3333333,208.8,220.1,298.2,0.2,278,218,419.9,571.3,0.2,114
s068,4,20,f,1,1,0,0,69,high,10,low,0.914590747,Anom_Amb,Anom,Amb,0.727272727,4847.75,279.5,279.5,369.3333333,0.333333333,296,249.375,249.375,366.125,0.5,306.5,277.25,366.125,425.125,0.125,252.5
s069,1,21,f,1,1,0,0,69,high,9,low,0.829181495,Anom_Amb,Anom,Amb,1,4802.732394,228.2727273,253.1818182,320.8181818,0.181818182,239.8888889,251.4166667,308.6666667,481.6666667,0.333333333,228.8,291.5,530.5,1304.083333,0.5,238.2
s070,2,21,f,1,0,0,0,74,high,20,high,0.722419929,Anom_Amb,Anom,Amb,0.75,2901.555556,216.6666667,238.4444444,238.4444444,0,NA,224.4444444,224.4444444,224.4444444,0,315.5,199.4285714,199.4285714,199.4285714,0,NA
s071,3,19,f,1,0,0,0,50,low,11,low,0.87544484,Anom_Amb,Anom,Amb,0.916666667,4901.272727,239.5454545,258.6363636,258.6363636,0,322,282.9,353.9,353.9,0,313.5714286,266.5454545,390.6363636,897.8181818,0.454545455,240.8
s072,4,24,m,1,0,0,0,65,low,19,high,0.768683274,Anom_Amb,Anom,Amb,0.727272727,3435.875,255.375,299.375,479.625,0.375,312.3333333,255.625,294.75,333,0.125,175,275.125,344.5,585,0.25,219
s073,1,21,m,1,0,0,0,74,high,14,high,0.850533808,Anom_Amb,Anom,Amb,1,5095.28169,258.1818182,302.0909091,391.2727273,0.090909091,330.7,242.7272727,308.2727273,341.5454545,0.090909091,285,281,358.5833333,617,0.333333333,257.8333333
s074,2,24,f,1,0,0,0,65,low,4,low,0.829181495,Anom_Amb,Anom,Amb,0.916666667,5503.363636,253.3636364,253.3636364,421.7272727,0.272727273,350,291.2727273,320.9090909,493.7272727,0.181818182,312.2857143,300.9,447.4,1320.9,0.4,291.2
s075,3,19,m,1,0,0,0,60,low,6,low,0.679715302,Anom_Amb,Anom,Amb,0.666666667,3559,232.4285714,232.4285714,402.2857143,0.285714286,169.6666667,245,245,245,0,173,181.8571429,434,1106.428571,0.428571429,491
s076,4,20,m,1,0,0,0,70,high,11,low,0.850533808,Anom_Amb,Anom,Amb,0.636363636,2521.285714,331.8,331.8,331.8,0,166,222.4,222.4,222.4,0,237,527,618.2,723.6,0.2,NA
s077,1,19,f,1,0,0,0,68,high,13,high,0.765124555,Anom_Amb,Anom,Amb,0.915492958,3297.615385,253.2222222,253.2222222,253.2222222,0,NA,272.7272727,272.7272727,281.2727273,0.090909091,119,324.8,541.4,613.9,0.1,316.3333333
s078,2,21,f,1,0,0,0,59,low,6,low,0.765124555,Anom_Amb,Anom,Amb,0.583333333,7275.571429,237.1666667,237.1666667,237.1666667,0,392.8333333,327.4285714,342.4285714,775.1428571,0.428571429,328,331.5714286,355.7142857,2504,0.571428571,548.4
s079,3,22,m,1,0,0,0,69,high,14,high,0.790035587,Anom_Amb,Anom,Amb,0.833333333,2739.7,197.875,197.875,197.875,0,309,224,277.5,298.75,0.125,218.3333333,217.9,268.9,421.4,0.3,258.5
s080,4,20,f,1,0,0,0,57,low,11,low,0.807829181,Anom_Amb,Anom,Amb,0.727272727,4635.875,239.75,308.125,446.875,0.25,204.3333333,239.5,315.375,380.125,0.125,352.3333333,296,318.5714286,853.4285714,0.428571429,311
s081,1,23,f,1,0,0,0,78,high,41,high,0.829181495,Anom_Amb,Anom,Amb,0.915492958,3448.261538,214.8,214.8,358.4,0.2,236,200.4545455,217.4545455,258.6363636,0.090909091,236.75,187.2727273,210.9090909,926.1818182,0.545454545,250
s082,2,18,m,1,0,0,0,53,low,9,low,0.807829181,Anom_Amb,Anom,Amb,0.583333333,4963,222,310.3333333,310.3333333,0,172,284.3333333,387.3333333,426.3333333,0.166666667,615.5,321,518.7142857,845.1428571,0.428571429,174
s083,3,19,m,1,0,0,0,65,low,8,low,0.854092527,Anom_Amb,Anom,Amb,1,4013.666667,199.4,212.3,328.4,0.4,228,233.4,263,400.3,0.3,219.25,197.5,420.5833333,960.5833333,0.75,308.6
s084,4,19,f,1,0,0,0,66,high,4,low,0.743772242,Anom_Amb,Anom,Amb,0.727272727,5896,295.5,331.625,447,0.25,268.5,267.875,282.75,637.625,0.5,214.3333333,205,241.5714286,1977.142857,0.571428571,332.6666667
s085,1,20,m,1,0,0,0,68,high,12,low,0.807829181,Anom_Amb,Anom,Amb,0.830985915,5046.186441,215,233.5,233.5,0,174,283.9,344.5,432.2,0.1,217,304.7777778,377.5555556,2076.777778,0.888888889,314.7142857
s086,2,20,f,1,0,0,0,70,high,13,high,0.807829181,Anom_Amb,Anom,Amb,0.75,2927.555556,257.25,257.25,257.25,0,184,259,259,259,0,NA,403.8888889,488.1111111,792.8888889,0.444444444,92
s087,3,21,f,1,0,0,0,51,low,7,low,0.8113879,Anom_Amb,Anom,Amb,0.916666667,3588.909091,344.4285714,344.4285714,360.2857143,0.142857143,NA,272.2222222,293.7777778,331.1111111,0.111111111,332,285.0909091,412.0909091,783.0909091,0.545454545,357.6
s088,4,21,f,1,0,0,0,67,high,13,high,0.786476868,Anom_Amb,Anom,Amb,0.727272727,4049.625,211.8333333,211.8333333,490.1666667,0.5,254.6,261.2857143,261.2857143,291.8571429,0.142857143,198,253.7142857,288.2857143,386.1428571,0.142857143,NA
s089,1,19,m,1,0,0,0,65,low,14,high,0.871886121,Anom_Amb,Anom,Amb,0.915492958,4225.123077,253.7272727,264,317,0.090909091,283.9,229.2727273,244.3636364,244.3636364,0,307.1428571,224.1,293.3,1179.4,0.7,228
s090,2,19,f,1,0,0,0,61,low,21,high,0.807829181,Anom_Amb,Anom,Amb,0.75,4110.444444,220,220,281.625,0.125,232.5,251.7777778,270.1111111,270.1111111,0,291.4,300.5555556,311.6666667,922.1111111,0.777777778,351.25
s091,3,22,m,1,0,0,0,69,high,9,low,0.850533808,Anom_Amb,Anom,Amb,0.75,3225.444444,302.6666667,320.1111111,377.3333333,0.111111111,188.5,283.1111111,319.3333333,319.3333333,0,NA,276.8888889,324.7777778,406.3333333,0.222222222,NA
s092,4,19,m,1,0,0,0,77,high,31,high,0.893238434,Anom_Amb,Anom,Amb,0.818181818,2243.555556,200,227.4444444,272.8888889,0,205,187.125,203.375,203.375,0,NA,228.1111111,260.5555556,461.1111111,0.444444444,NA
s093,1,20,m,1,0,0,0,73,high,19,high,0.829181495,Anom_Amb,Anom,Amb,0.830985915,5129.711864,317.7777778,317.7777778,345.7777778,0,311.75,253,338.875,755,0.25,516.6666667,360.3333333,605.1111111,1000,0.333333333,521.5
s094,2,20,f,1,0,0,0,60,low,10,low,0.701067616,Anom_Amb,Anom,Amb,0.75,2532.111111,167.8333333,198,298.5,0.166666667,170,191,250.3333333,250.3333333,0,NA,245.5555556,263,444.7777778,0.222222222,420.25
s096,4,22,f,1,0,0,0,66,high,3,low,0.701067616,Anom_Amb,Anom,Amb,0.545454545,4708.333333,335.6666667,364.1666667,364.1666667,0,224,370.75,370.75,514,0.5,224,406.8333333,448.6666667,598.3333333,0.333333333,340
s098,2,18,f,1,0,0,0,67,high,15,high,0.850533808,Anom_Amb,Anom,Amb,0.916666667,3684.818182,232.5454545,232.5454545,356.4545455,0.181818182,381,252.6666667,274,298.2222222,0.111111111,226,324.5454545,408.6363636,558.3636364,0.272727273,196
s099,3,23,f,1,0,0,0,72,high,15,high,0.918149466,Anom_Amb,Anom,Amb,1,3725.083333,250.6666667,250.6666667,310.3333333,0.25,304.5555556,283,368.5,368.5,0,354.5,283,390.75,829.4166667,0.416666667,304.5
s100,3,22,f,1,0,0,0,63,low,0,low,0.896797153,Anom_Amb,Anom,Amb,0.916666667,4572.363636,268.6363636,390.0909091,407.6363636,0.090909091,242.5,255,372.9090909,372.9090909,0,235,238.4545455,361.1818182,490.6363636,0.181818182,298.75
s101,2,20,f,1,0,0,0,70,high,12,low,0.765124555,Anom_Amb,Anom,Amb,0.75,3724.888889,266.125,293.625,394.375,0.25,365.3333333,237.5555556,237.5555556,237.5555556,0,390,345.7777778,386.2222222,725,0.444444444,195
